ADC_BIN,COUNT,SMOOTH
0,530,"114,315789473684"
1,97,"60,4736842105263"
2,98,"51,4210526315789"
3,81,"43,1578947368421"
4,61,"37,5789473684211"
5,43,"32,3157894736842"
6,52,"28,421052631579"
7,25,"25,421052631579"
8,28,"22,7368421052632"
9,18,"20,5789473684211"
10,11,"18,9473684210526"
11,20,"17,7368421052632"
12,5,"16,4736842105263"
13,5,"15,4210526315789"
14,4,"14,7368421052632"
15,5,"14,0526315789474"
16,6,"13,2105263157895"
17,2,"12,4210526315789"
18,0,"12,6315789473684"
19,2,"12,8421052631579"
20,1,"13,6842105263158"
21,1,"14,6315789473684"
22,1,"15,8947368421053"
23,1,17
24,0,"18,9473684210526"
25,1,"20,6842105263158"
26,0,"23,1578947368421"
27,0,"25,3684210526316"
28,0,"27,3684210526316"
29,0,30
30,0,"32,7368421052632"
31,0,"35,7894736842105"
32,0,"38,8947368421053"
33,0,"42,2105263157895"
34,0,"45,7368421052632"
35,0,"49,1578947368421"
36,0,"52,2631578947368"
37,0,"55,2631578947368"
38,0,"58,3157894736842"
39,0,"60,6842105263158"
40,0,"62,8421052631579"
41,0,"64,8947368421053"
42,1,"65,5789473684211"
43,1,"67,1052631578947"
44,1,"67,8421052631579"
45,0,"67,6842105263158"
46,2,"68,8421052631579"
47,0,"69,4736842105263"
48,1,"70,4736842105263"
49,2,"71,8421052631579"
50,2,"71,9473684210526"
51,2,"73,5789473684211"
52,0,"73,2105263157895"
53,1,"73,0526315789474"
54,1,"73,7368421052632"
55,5,"74,421052631579"
56,3,75
57,1,"75,3157894736842"
58,1,"75,421052631579"
59,1,"75,7894736842105"
60,1,"76,6315789473684"
61,0,"77,8947368421053"
62,3,"77,9473684210526"
63,2,"78,8421052631579"
64,2,"79,8947368421053"
65,3,"80,1578947368421"
66,1,"80,8947368421053"
67,0,"80,8947368421053"
68,2,"81,3157894736842"
69,3,"82,5263157894737"
70,3,"83,0526315789474"
71,1,"84,1578947368421"
72,3,"86,0526315789474"
73,4,86
74,1,"86,5263157894737"
75,3,"87,8947368421053"
76,2,"88,6315789473684"
77,1,"89,6315789473684"
78,1,"90,6842105263158"
79,4,"91,2631578947368"
80,3,"91,3157894736842"
81,2,"91,6842105263158"
82,3,"92,1578947368421"
83,1,"93,421052631579"
84,3,95
85,0,96
86,5,"96,8947368421053"
87,3,"97,4736842105263"
88,3,100
89,1,"100,894736842105"
90,6,"102,947368421053"
91,1,"103,842105263158"
92,2,"105,105263157895"
93,0,"106,789473684211"
94,4,"107,368421052632"
95,3,"108,105263157895"
96,1,"108,473684210526"
97,0,"109,105263157895"
98,0,"111,052631578947"
99,2,"113,789473684211"
100,6,"116,473684210526"
101,1,"118,421052631579"
102,4,"119,368421052632"
103,6,"119,631578947368"
104,4,"121,052631578947"
105,3,"122,947368421053"
106,1,"124,526315789474"
107,4,"123,789473684211"
108,5,"124,210526315789"
109,3,"125,526315789474"
110,3,"127,105263157895"
111,1,"127,736842105263"
112,3,"127,631578947368"
113,2,"128,526315789474"
114,1,"129,947368421053"
115,2,"131,789473684211"
116,2,"133,421052631579"
117,2,"133,736842105263"
118,2,"135,684210526316"
119,3,136
120,4,"136,894736842105"
121,4,"138,736842105263"
122,3,"140,210526315789"
123,6,"141,263157894737"
124,3,"142,578947368421"
125,0,"142,736842105263"
126,3,"145,210526315789"
127,4,"146,210526315789"
128,2,"145,157894736842"
129,2,"145,526315789474"
130,3,"146,421052631579"
131,1,148
132,6,"149,894736842105"
133,2,"152,315789473684"
134,0,154
135,3,"155,210526315789"
136,4,"157,421052631579"
137,3,159
138,5,"161,368421052632"
139,3,"163,578947368421"
140,2,"167,631578947368"
141,3,"171,894736842105"
142,3,"177,473684210526"
143,0,"180,052631578947"
144,6,"185,421052631579"
145,3,"189,684210526316"
146,4,"194,421052631579"
147,4,"199,210526315789"
148,3,"202,894736842105"
149,0,"205,368421052632"
150,2,"207,526315789474"
151,4,"209,789473684211"
152,12,"210,947368421053"
153,8,"211,052631578947"
154,24,"212,157894736842"
155,34,"212,052631578947"
156,32,"211,315789473684"
157,43,"209,210526315789"
158,64,"207,526315789474"
159,76,"201,684210526316"
160,92,"197,789473684211"
161,74,"191,421052631579"
162,81,"187,157894736842"
163,73,"182,526315789474"
164,83,"178,421052631579"
165,60,"173,421052631579"
166,62,"169,894736842105"
167,37,"165,947368421053"
168,41,"164,473684210526"
169,32,"161,526315789474"
170,25,"158,315789473684"
171,18,156
172,18,"154,368421052632"
173,11,"151,947368421053"
174,8,"148,842105263158"
175,4,"145,421052631579"
176,5,"144,684210526316"
177,8,"144,210526315789"
178,5,"145,947368421053"
179,5,"145,842105263158"
180,7,"145,894736842105"
181,10,"147,684210526316"
182,3,"146,842105263158"
183,5,"143,947368421053"
184,3,"143,052631578947"
185,3,"141,736842105263"
186,3,"140,789473684211"
187,3,"139,473684210526"
188,2,"139,842105263158"
189,2,"138,263157894737"
190,2,"136,736842105263"
191,3,"136,473684210526"
192,3,"135,578947368421"
193,4,"136,578947368421"
194,2,"136,631578947368"
195,3,"136,526315789474"
196,2,"135,894736842105"
197,5,"134,052631578947"
198,4,"133,421052631579"
199,1,"132,631578947368"
200,3,"130,210526315789"
201,6,"129,947368421053"
202,4,"130,789473684211"
203,3,"130,315789473684"
204,5,"130,789473684211"
205,4,"132,105263157895"
206,5,"132,631578947368"
207,6,"132,157894736842"
208,1,"132,789473684211"
209,3,"133,842105263158"
210,4,"134,684210526316"
211,2,"136,210526315789"
212,2,"137,578947368421"
213,1,"139,578947368421"
214,5,"140,263157894737"
215,3,"140,526315789474"
216,3,"140,631578947368"
217,1,141
218,4,"143,263157894737"
219,3,"146,684210526316"
220,0,"148,631578947368"
221,3,"150,578947368421"
222,3,"153,210526315789"
223,5,"153,157894736842"
224,3,"152,578947368421"
225,1,"153,578947368421"
226,5,"156,052631578947"
227,6,"158,526315789474"
228,3,160
229,5,"162,210526315789"
230,4,"164,578947368421"
231,1,"165,578947368421"
232,4,"168,105263157895"
233,3,"171,263157894737"
234,0,"174,473684210526"
235,4,"178,894736842105"
236,4,"182,421052631579"
237,4,"185,947368421053"
238,5,"188,894736842105"
239,5,"190,421052631579"
240,7,"190,210526315789"
241,3,"192,157894736842"
242,5,"197,052631578947"
243,5,"201,421052631579"
244,4,205
245,3,"207,368421052632"
246,3,"209,736842105263"
247,5,"212,578947368421"
248,4,"216,263157894737"
249,4,219
250,10,"222,578947368421"
251,3,"225,368421052632"
252,7,"229,105263157895"
253,1,"232,684210526316"
254,3,"235,526315789474"
255,6,"239,421052631579"
256,5,"239,526315789474"
257,4,"241,473684210526"
258,7,"245,789473684211"
259,6,"251,473684210526"
260,6,"255,052631578947"
261,9,"258,631578947368"
262,8,"261,052631578947"
263,11,"265,421052631579"
264,5,"268,473684210526"
265,3,"273,105263157895"
266,6,"278,736842105263"
267,6,"285,105263157895"
268,7,"290,052631578947"
269,3,"293,368421052632"
270,5,"295,578947368421"
271,9,"299,315789473684"
272,9,"301,894736842105"
273,5,"305,684210526316"
274,7,310
275,5,"318,473684210526"
276,9,"323,631578947368"
277,9,"328,157894736842"
278,10,"335,526315789474"
279,7,"340,947368421053"
280,11,"347,736842105263"
281,6,353
282,5,"357,105263157895"
283,5,"362,789473684211"
284,10,"366,052631578947"
285,6,"369,789473684211"
286,6,"372,421052631579"
287,7,"374,684210526316"
288,7,"378,052631578947"
289,9,"382,631578947368"
290,14,"385,263157894737"
291,8,"391,21052631579"
292,9,396
293,7,"397,789473684211"
294,12,"400,578947368421"
295,5,"404,368421052632"
296,14,"408,052631578947"
297,8,"408,157894736842"
298,7,"412,368421052632"
299,7,"412,21052631579"
300,17,"416,21052631579"
301,4,418
302,8,"421,842105263158"
303,9,"422,842105263158"
304,4,"422,578947368421"
305,5,"421,21052631579"
306,7,"422,578947368421"
307,9,"423,894736842105"
308,5,"425,684210526316"
309,9,"426,789473684211"
310,14,"427,631578947368"
311,7,"427,263157894737"
312,7,"429,947368421053"
313,7,"426,894736842105"
314,5,"426,789473684211"
315,5,"425,157894736842"
316,9,"424,052631578947"
317,5,"423,21052631579"
318,17,"422,21052631579"
319,17,417
320,5,"413,105263157895"
321,7,"407,421052631579"
322,12,"406,684210526316"
323,7,"404,842105263158"
324,5,"403,473684210526"
325,8,"400,421052631579"
326,10,"398,052631578947"
327,6,"393,21052631579"
328,13,"390,421052631579"
329,13,"384,789473684211"
330,5,"382,421052631579"
331,4,"379,526315789474"
332,7,"377,947368421053"
333,5,"374,315789473684"
334,5,"369,842105263158"
335,11,"364,315789473684"
336,6,357
337,6,"352,789473684211"
338,6,"352,578947368421"
339,4,"352,105263157895"
340,4,"351,105263157895"
341,3,"347,052631578947"
342,10,"342,894736842105"
343,7,"335,684210526316"
344,12,"327,052631578947"
345,3,324
346,7,"323,684210526316"
347,9,"320,736842105263"
348,5,"318,894736842105"
349,5,"315,894736842105"
350,8,"309,736842105263"
351,7,"305,947368421053"
352,7,"301,947368421053"
353,5,"300,157894736842"
354,6,301
355,7,"301,526315789474"
356,10,"303,526315789474"
357,4,"300,789473684211"
358,3,"298,052631578947"
359,6,"296,157894736842"
360,6,"296,631578947368"
361,4,"298,526315789474"
362,3,"303,526315789474"
363,9,"310,21052631579"
364,8,"312,21052631579"
365,9,"312,157894736842"
366,13,"313,684210526316"
367,7,314
368,3,"312,526315789474"
369,9,"314,842105263158"
370,10,317
371,12,"318,631578947368"
372,8,"320,526315789474"
373,7,"321,789473684211"
374,11,"322,473684210526"
375,5,"321,21052631579"
376,7,"324,526315789474"
377,5,"326,368421052632"
378,10,329
379,5,"331,789473684211"
380,8,"332,631578947368"
381,7,"332,684210526316"
382,3,"333,21052631579"
383,7,"331,736842105263"
384,16,"333,21052631579"
385,9,"333,263157894737"
386,6,"335,526315789474"
387,14,"339,894736842105"
388,6,"342,736842105263"
389,9,"344,631578947368"
390,11,"347,736842105263"
391,6,"349,421052631579"
392,6,"351,473684210526"
393,6,"355,473684210526"
394,14,"358,157894736842"
395,5,361
396,11,"363,736842105263"
397,6,"369,21052631579"
398,6,"372,21052631579"
399,13,"375,105263157895"
400,8,"376,578947368421"
401,9,"380,473684210526"
402,8,"387,21052631579"
403,12,"392,421052631579"
404,5,"397,052631578947"
405,8,"399,736842105263"
406,9,"402,789473684211"
407,4,"406,315789473684"
408,8,"409,631578947368"
409,11,"412,315789473684"
410,9,"415,842105263158"
411,10,"417,21052631579"
412,10,"420,684210526316"
413,5,"422,578947368421"
414,10,"424,894736842105"
415,11,"424,736842105263"
416,19,421
417,6,"420,263157894737"
418,12,"422,052631578947"
419,8,"426,947368421053"
420,20,431
421,10,"430,315789473684"
422,9,"430,21052631579"
423,10,"431,263157894737"
424,11,"432,947368421053"
425,6,"436,105263157895"
426,10,"436,947368421053"
427,7,"440,578947368421"
428,9,"443,052631578947"
429,7,"444,736842105263"
430,11,"448,684210526316"
431,12,"445,263157894737"
432,13,"444,105263157895"
433,10,"442,421052631579"
434,14,"446,684210526316"
435,4,"449,052631578947"
436,9,"450,421052631579"
437,7,"450,631578947368"
438,7,"447,894736842105"
439,6,"446,263157894737"
440,10,"445,578947368421"
441,12,443
442,7,"440,315789473684"
443,9,"436,526315789474"
444,7,"432,631578947368"
445,6,"428,526315789474"
446,15,"422,736842105263"
447,9,"415,368421052632"
448,8,"410,842105263158"
449,7,"404,789473684211"
450,6,"405,421052631579"
451,7,"404,105263157895"
452,10,"400,684210526316"
453,9,"396,263157894737"
454,5,394
455,10,"389,368421052632"
456,7,"385,789473684211"
457,6,"383,842105263158"
458,10,"378,578947368421"
459,1,"376,105263157895"
460,8,"371,894736842105"
461,3,"368,736842105263"
462,9,365
463,6,"360,157894736842"
464,13,"355,526315789474"
465,10,"352,578947368421"
466,7,"351,315789473684"
467,4,348
468,10,"345,105263157895"
469,3,"341,368421052632"
470,5,"337,21052631579"
471,9,"330,157894736842"
472,12,"324,21052631579"
473,6,"318,947368421053"
474,9,"315,105263157895"
475,7,"310,421052631579"
476,8,"304,842105263158"
477,4,"300,842105263158"
478,5,"296,368421052632"
479,3,"292,684210526316"
480,2,"286,263157894737"
481,6,"283,842105263158"
482,7,"280,578947368421"
483,6,279
484,4,"274,578947368421"
485,7,270
486,4,"266,526315789474"
487,9,"261,842105263158"
488,5,256
489,9,"252,105263157895"
490,4,"252,210526315789"
491,5,"250,157894736842"
492,2,"246,684210526316"
493,9,"243,736842105263"
494,2,"240,736842105263"
495,7,"236,473684210526"
496,3,"232,105263157895"
497,6,"227,473684210526"
498,3,"223,315789473684"
499,7,"222,947368421053"
500,1,220
501,7,"215,684210526316"
502,2,"211,631578947368"
503,4,"207,526315789474"
504,6,"205,789473684211"
505,2,"203,263157894737"
506,4,"200,842105263158"
507,1,"197,526315789474"
508,7,"194,789473684211"
509,1,"190,473684210526"
510,3,"188,526315789474"
511,1,"185,210526315789"
512,2,"180,578947368421"
513,2,"176,421052631579"
514,7,"175,842105263158"
515,2,"174,684210526316"
516,5,"172,368421052632"
517,3,"171,842105263158"
518,5,"169,526315789474"
519,1,"166,684210526316"
520,5,"165,263157894737"
521,2,"162,526315789474"
522,5,"162,052631578947"
523,3,"159,421052631579"
524,3,"157,315789473684"
525,2,"156,736842105263"
526,2,"155,736842105263"
527,6,"153,947368421053"
528,2,"153,105263157895"
529,1,"150,315789473684"
530,4,"149,210526315789"
531,1,"149,631578947368"
532,2,"148,473684210526"
533,3,147
534,5,145
535,4,"144,315789473684"
536,2,"143,736842105263"
537,5,"141,842105263158"
538,5,143
539,4,"142,368421052632"
540,1,"142,473684210526"
541,7,"141,421052631579"
542,2,"140,894736842105"
543,3,"140,263157894737"
544,2,"137,736842105263"
545,3,"136,263157894737"
546,7,"135,842105263158"
547,3,"134,526315789474"
548,4,"134,526315789474"
549,2,"133,947368421053"
550,3,"133,315789473684"
551,4,"132,947368421053"
552,1,"131,736842105263"
553,1,"129,526315789474"
554,3,"127,157894736842"
555,6,"125,473684210526"
556,4,"124,315789473684"
557,2,122
558,2,"121,157894736842"
559,2,"118,578947368421"
560,1,"116,578947368421"
561,1,"115,315789473684"
562,2,"114,368421052632"
563,4,"114,368421052632"
564,3,"113,631578947368"
565,1,"110,894736842105"
566,4,"111,105263157895"
567,4,"110,105263157895"
568,1,"109,052631578947"
569,4,"107,789473684211"
570,1,"107,894736842105"
571,1,"106,631578947368"
572,1,108
573,1,"109,736842105263"
574,0,"108,578947368421"
575,4,"107,473684210526"
576,1,"105,631578947368"
577,2,"105,105263157895"
578,3,"105,526315789474"
579,2,"105,789473684211"
580,4,"106,210526315789"
581,1,105
582,3,"104,631578947368"
583,3,"104,263157894737"
584,2,"105,842105263158"
585,1,"104,631578947368"
586,2,"104,263157894737"
587,1,"101,894736842105"
588,2,"101,578947368421"
589,5,"100,684210526316"
590,1,"100,736842105263"
591,1,"99,2105263157895"
592,0,"97,5263157894737"
593,3,"97,5789473684211"
594,1,"99,6315789473684"
595,3,"100,789473684211"
596,0,"101,315789473684"
597,3,"101,526315789474"
598,6,"101,578947368421"
599,1,"100,315789473684"
600,1,"100,157894736842"
601,3,"99,8421052631579"
602,1,"99,3684210526316"
603,0,"98,1578947368421"
604,1,"97,6315789473684"
605,0,"96,7368421052632"
606,3,"98,5263157894737"
607,3,"97,421052631579"
608,2,"97,1052631578947"
609,2,96
610,0,"95,9473684210526"
611,5,"95,3684210526316"
612,2,"94,2631578947368"
613,3,"92,6842105263158"
614,4,"91,3684210526316"
615,3,"90,1578947368421"
616,0,"89,5263157894737"
617,1,"88,7368421052632"
618,1,"88,421052631579"
619,1,"87,8947368421053"
620,6,"87,0526315789474"
621,2,"87,1578947368421"
622,1,"87,8421052631579"
623,6,"88,8421052631579"
624,1,"89,7894736842105"
625,0,"88,9473684210526"
626,3,"89,421052631579"
627,3,"89,3684210526316"
628,3,"90,3157894736842"
629,3,"91,2105263157895"
630,3,"91,5263157894737"
631,2,"91,8947368421053"
632,3,"91,8947368421053"
633,4,93
634,1,"91,8421052631579"
635,4,"92,2631578947368"
636,2,"92,3684210526316"
637,1,"92,7894736842105"
638,4,"92,8947368421053"
639,2,"93,2631578947368"
640,1,"92,3157894736842"
641,2,"92,2105263157895"
642,2,"92,1052631578947"
643,0,"91,2631578947368"
644,3,"92,3157894736842"
645,0,"92,4736842105263"
646,1,"92,0526315789474"
647,2,"92,2631578947368"
648,3,92
649,1,"92,0526315789474"
650,0,"91,6315789473684"
651,0,"90,6315789473684"
652,0,"89,5789473684211"
653,2,"89,6842105263158"
654,1,"89,421052631579"
655,2,"88,8947368421053"
656,0,"87,8947368421053"
657,3,"87,6842105263158"
658,0,"86,8947368421053"
659,4,"87,421052631579"
660,1,"86,8421052631579"
661,2,"85,6315789473684"
662,3,"85,7894736842105"
663,3,"85,3684210526316"
664,1,"84,8421052631579"
665,1,"84,5789473684211"
666,2,"82,8421052631579"
667,1,"82,2631578947368"
668,2,"81,5263157894737"
669,1,"81,3684210526316"
670,1,"81,7368421052632"
671,1,"81,421052631579"
672,0,"80,6842105263158"
673,5,"79,9473684210526"
674,5,"80,3684210526316"
675,3,81
676,0,"79,8421052631579"
677,1,"79,6842105263158"
678,1,"79,0526315789474"
679,1,"77,9473684210526"
680,1,"78,6315789473684"
681,8,"77,2631578947368"
682,1,"76,0526315789474"
683,5,"75,421052631579"
684,2,"74,9473684210526"
685,1,"74,7368421052632"
686,2,"74,1052631578947"
687,1,"73,421052631579"
688,1,"73,2631578947368"
689,4,73
690,0,"72,7894736842105"
691,0,"72,8421052631579"
692,0,"72,6315789473684"
693,1,"72,1052631578947"
694,2,"70,0526315789474"
695,0,"70,5789473684211"
696,0,"70,1052631578947"
697,1,"70,3157894736842"
698,2,"70,7368421052632"
699,2,"70,1052631578947"
700,2,"70,4736842105263"
701,0,"69,7894736842105"
702,3,"69,7368421052632"
703,0,"69,5263157894737"
704,3,"69,4736842105263"
705,1,"68,8947368421053"
706,1,"69,4736842105263"
707,2,"69,3157894736842"
708,1,"68,2105263157895"
709,0,"68,421052631579"
710,3,"68,9473684210526"
711,0,69
712,1,"68,0526315789474"
713,0,"69,2105263157895"
714,2,"69,2631578947368"
715,2,"69,2631578947368"
716,4,"68,7894736842105"
717,0,"68,1578947368421"
718,3,"67,5263157894737"
719,1,"66,6315789473684"
720,0,"66,3157894736842"
721,3,"66,4736842105263"
722,0,"66,5263157894737"
723,1,"66,6315789473684"
724,3,"66,421052631579"
725,0,"65,7894736842105"
726,4,"65,4736842105263"
727,3,"65,0526315789474"
728,0,"63,3684210526316"
729,3,"62,1578947368421"
730,1,"62,1578947368421"
731,2,"63,4736842105263"
732,2,"62,5789473684211"
733,0,"62,2105263157895"
734,2,"62,1052631578947"
735,2,62
736,0,"61,3684210526316"
737,1,"61,3157894736842"
738,5,"62,6842105263158"
739,4,63
740,0,"62,6842105263158"
741,1,"62,4210526315789"
742,1,"61,7894736842105"
743,0,"61,7894736842105"
744,0,"61,8421052631579"
745,2,"61,7368421052632"
746,0,63
747,1,"64,421052631579"
748,1,"65,3684210526316"
749,1,"65,3684210526316"
750,2,"64,6315789473684"
751,0,"64,1578947368421"
752,0,"62,8947368421053"
753,1,"62,5263157894737"
754,0,"61,6315789473684"
755,1,"62,3684210526316"
756,2,"63,2105263157895"
757,0,"62,0526315789474"
758,2,"61,6315789473684"
759,0,"62,3157894736842"
760,1,"62,1578947368421"
761,2,"62,1578947368421"
762,1,"62,4210526315789"
763,1,"62,8947368421053"
764,2,"63,3157894736842"
765,3,"63,0526315789474"
766,1,"62,5789473684211"
767,1,"62,2105263157895"
768,0,"61,0526315789474"
769,3,"61,4210526315789"
770,2,"61,9473684210526"
771,2,"62,8947368421053"
772,1,64
773,3,"64,6842105263158"
774,5,"64,8421052631579"
775,0,"63,8421052631579"
776,1,"64,1052631578947"
777,3,"65,4736842105263"
778,4,"65,421052631579"
779,1,"65,8947368421053"
780,1,"66,7368421052632"
781,3,"66,9473684210526"
782,6,"65,8421052631579"
783,2,"65,7368421052632"
784,2,65
785,0,"65,5263157894737"
786,0,"65,1052631578947"
787,2,"65,8947368421053"
788,0,"65,7894736842105"
789,0,"66,3157894736842"
790,4,"67,1052631578947"
791,1,"67,1578947368421"
792,2,"67,3684210526316"
793,1,"67,3157894736842"
794,3,"67,8421052631579"
795,1,"68,2105263157895"
796,2,"67,5789473684211"
797,1,"67,5789473684211"
798,2,"67,8421052631579"
799,0,"67,6842105263158"
800,1,"67,6315789473684"
801,2,"68,5263157894737"
802,1,"67,8421052631579"
803,1,"68,2105263157895"
804,1,"67,8421052631579"
805,1,"68,2631578947368"
806,2,69
807,1,"68,0526315789474"
808,1,"67,1052631578947"
809,1,"66,6315789473684"
810,1,"66,1052631578947"
811,5,"66,5789473684211"
812,5,"67,4736842105263"
813,1,"67,8421052631579"
814,2,"67,7368421052632"
815,2,"68,4736842105263"
816,2,68
817,2,"67,9473684210526"
818,1,"68,5789473684211"
819,2,"68,7894736842105"
820,1,"68,0526315789474"
821,0,"68,7368421052632"
822,1,"68,6315789473684"
823,1,68
824,2,"67,6842105263158"
825,0,"66,8947368421053"
826,0,"67,1578947368421"
827,0,"67,421052631579"
828,2,"67,1052631578947"
829,2,"67,0526315789474"
830,7,"65,5789473684211"
831,2,"64,2631578947368"
832,2,"63,5789473684211"
833,1,"63,9473684210526"
834,1,63
835,3,"62,6315789473684"
836,2,"62,1052631578947"
837,3,"61,8947368421053"
838,5,61
839,2,"61,4210526315789"
840,0,"60,5789473684211"
841,0,"60,7368421052632"
842,2,"61,2631578947368"
843,0,62
844,0,"62,4210526315789"
845,3,"62,6315789473684"
846,1,"63,4210526315789"
847,2,"63,7368421052632"
848,0,"63,2105263157895"
849,1,"63,4736842105263"
850,1,"63,2105263157895"
851,0,"61,9473684210526"
852,1,"60,3684210526316"
853,2,"59,6842105263158"
854,0,"59,4736842105263"
855,5,"58,7368421052632"
856,1,"58,6315789473684"
857,2,"58,8947368421053"
858,0,"57,5789473684211"
859,1,"57,1578947368421"
860,3,"56,2631578947368"
861,0,"55,3684210526316"
862,1,54
863,1,53
864,2,"51,5263157894737"
865,1,"50,1578947368421"
866,0,"49,5263157894737"
867,1,"49,4736842105263"
868,1,"49,7368421052632"
869,1,"49,5789473684211"
870,0,"49,7894736842105"
871,1,"49,3684210526316"
872,3,"49,5263157894737"
873,1,"49,4210526315789"
874,1,"49,4210526315789"
875,2,"48,4210526315789"
876,1,"47,7894736842105"
877,0,48
878,0,"47,7894736842105"
879,0,"47,4736842105263"
880,2,"47,2631578947368"
881,0,"46,7368421052632"
882,0,"45,7894736842105"
883,2,"45,5263157894737"
884,0,"45,3157894736842"
885,3,"44,6842105263158"
886,1,"44,1578947368421"
887,1,"43,2105263157895"
888,0,"42,6842105263158"
889,1,"42,2631578947368"
890,0,"42,1578947368421"
891,0,"41,5263157894737"
892,1,"40,2631578947368"
893,2,"39,6842105263158"
894,0,"38,9473684210526"
895,0,"37,8421052631579"
896,0,"37,5263157894737"
897,0,"37,4210526315789"
898,0,"37,4210526315789"
899,1,"37,2105263157895"
900,0,"36,8947368421053"
901,1,"36,6315789473684"
902,0,"36,7368421052632"
903,2,"35,9473684210526"
904,0,"35,2105263157895"
905,1,"34,6842105263158"
906,1,"34,7894736842105"
907,1,"34,1052631578947"
908,1,"34,0526315789474"
909,0,"33,9473684210526"
910,1,"33,8421052631579"
911,0,"34,1578947368421"
912,0,"33,6842105263158"
913,1,"33,9473684210526"
914,2,"34,1578947368421"
915,1,"33,2105263157895"
916,0,"32,6842105263158"
917,1,"32,3157894736842"
918,0,"32,0526315789474"
919,0,"31,7368421052632"
920,0,"32,2105263157895"
921,0,"31,8421052631579"
922,2,"31,5789473684211"
923,1,"31,7894736842105"
924,0,"30,7368421052632"
925,0,"30,1578947368421"
926,1,"30,2631578947368"
927,0,"30,3157894736842"
928,0,"29,5789473684211"
929,0,"28,7368421052632"
930,2,"28,5263157894737"
931,1,"28,6315789473684"
932,0,"27,7368421052632"
933,2,28
934,0,"28,2105263157895"
935,2,28
936,1,"27,4736842105263"
937,0,"27,3684210526316"
938,1,"27,2105263157895"
939,1,"26,421052631579"
940,1,"26,2631578947368"
941,0,"26,2105263157895"
942,1,"25,8421052631579"
943,0,"26,0526315789474"
944,0,"25,7368421052632"
945,0,"25,421052631579"
946,1,"24,9473684210526"
947,1,"25,2105263157895"
948,2,"25,7894736842105"
949,0,"25,1052631578947"
950,3,"24,4736842105263"
951,1,"24,2631578947368"
952,1,"23,5789473684211"
953,1,"23,6842105263158"
954,0,"24,2105263157895"
955,1,"23,9473684210526"
956,1,"23,4736842105263"
957,0,24
958,0,"24,0526315789474"
959,0,"23,7894736842105"
960,0,"23,6842105263158"
961,0,"23,1578947368421"
962,0,"23,421052631579"
963,0,"22,8421052631579"
964,0,"22,6842105263158"
965,0,"21,9473684210526"
966,2,"22,0526315789474"
967,0,"21,2631578947368"
968,0,"21,5263157894737"
969,0,"21,5263157894737"
970,0,"21,9473684210526"
971,1,"22,1578947368421"
972,0,"21,2105263157895"
973,0,"20,2105263157895"
974,0,"20,421052631579"
975,1,"20,5263157894737"
976,0,"19,5263157894737"
977,0,"19,4736842105263"
978,0,"19,3684210526316"
979,0,"19,2105263157895"
980,1,"19,421052631579"
981,0,"19,3684210526316"
982,0,"19,6842105263158"
983,0,"19,7894736842105"
984,0,20
985,0,"19,2105263157895"
986,0,"19,1578947368421"
987,1,"19,2105263157895"
988,0,"19,0526315789474"
989,0,"18,2631578947368"
990,0,"18,1052631578947"
991,1,"19,3684210526316"
992,1,"19,1578947368421"
993,0,"18,8947368421053"
994,0,"18,8947368421053"
995,0,"19,2105263157895"
996,0,"18,8947368421053"
997,0,"19,4736842105263"
998,0,"19,8421052631579"
999,0,"19,421052631579"
1000,0,"19,6842105263158"
1001,0,"19,9473684210526"
1002,1,"19,4736842105263"
1003,0,"19,3157894736842"
1004,0,"19,8947368421053"
1005,1,"19,8421052631579"
1006,0,"19,2631578947368"
1007,1,"19,1578947368421"
1008,2,"19,2631578947368"
1009,1,"18,8947368421053"
1010,0,"18,3157894736842"
1011,1,"18,7368421052632"
1012,0,"19,1578947368421"
1013,0,"18,7368421052632"
1014,0,"18,3684210526316"
1015,0,"17,9473684210526"
1016,1,17
1017,0,"16,3684210526316"
1018,1,"16,7894736842105"
1019,1,"15,8421052631579"
1020,0,"15,2105263157895"
1021,0,"15,0526315789474"
1022,0,"15,3684210526316"
1023,0,"14,8947368421053"
1024,0,"14,6842105263158"
1025,0,15
1026,0,"15,4736842105263"
1027,0,"15,4210526315789"
1028,0,16
1029,0,"15,8421052631579"
1030,0,"15,5263157894737"
1031,0,"14,8947368421053"
1032,0,"14,6315789473684"
1033,1,"14,8421052631579"
1034,1,"14,8947368421053"
1035,0,"14,6842105263158"
1036,0,"14,7368421052632"
1037,0,"14,5263157894737"
1038,1,"14,5789473684211"
1039,0,"14,8421052631579"
1040,0,15
1041,1,"15,1052631578947"
1042,0,"15,3157894736842"
1043,0,"15,7894736842105"
1044,0,"15,4736842105263"
1045,0,"15,1578947368421"
1046,1,"15,4736842105263"
1047,0,15
1048,1,"14,5789473684211"
1049,0,"14,8947368421053"
1050,0,"15,3157894736842"
1051,2,"15,6315789473684"
1052,0,"15,5789473684211"
1053,0,"15,7368421052632"
1054,0,"16,2631578947368"
1055,0,"16,4736842105263"
1056,0,"16,8947368421053"
1057,0,"17,2105263157895"
1058,0,"16,8947368421053"
1059,1,"16,9473684210526"
1060,0,"16,3157894736842"
1061,0,"16,7368421052632"
1062,0,"16,5263157894737"
1063,0,"16,1578947368421"
1064,0,"15,7368421052632"
1065,1,"15,4736842105263"
1066,0,"15,2105263157895"
1067,1,"15,2631578947368"
1068,0,"15,0526315789474"
1069,0,"14,5263157894737"
1070,1,"14,4736842105263"
1071,0,"14,6842105263158"
1072,0,"14,7368421052632"
1073,0,"14,3157894736842"
1074,1,"14,1052631578947"
1075,1,"13,8421052631579"
1076,0,"13,3684210526316"
1077,0,"13,7368421052632"
1078,0,"13,5789473684211"
1079,1,"13,8947368421053"
1080,0,"12,8947368421053"
1081,0,"12,7368421052632"
1082,0,"13,1578947368421"
1083,0,"13,6315789473684"
1084,0,"13,5789473684211"
1085,0,"13,7894736842105"
1086,0,"14,1578947368421"
1087,0,"14,0526315789474"
1088,0,"14,3157894736842"
1089,0,"14,3157894736842"
1090,2,"13,9473684210526"
1091,0,"13,6842105263158"
1092,0,"14,0526315789474"
1093,0,"13,9473684210526"
1094,1,"13,8947368421053"
1095,0,"14,1052631578947"
1096,1,14
1097,0,"13,7894736842105"
1098,0,"13,5789473684211"
1099,1,"13,6842105263158"
1100,2,"13,4736842105263"
1101,0,"13,3684210526316"
1102,1,"13,4736842105263"
1103,0,"13,2105263157895"
1104,2,"12,8421052631579"
1105,1,"12,8421052631579"
1106,1,"13,1052631578947"
1107,0,"13,3684210526316"
1108,0,"13,1052631578947"
1109,1,"13,2105263157895"
1110,0,"13,2105263157895"
1111,0,"13,2631578947368"
1112,0,"13,3684210526316"
1113,0,"13,2631578947368"
1114,0,"13,1578947368421"
1115,1,13
1116,0,13
1117,0,"13,0526315789474"
1118,0,"13,2105263157895"
1119,1,"13,1578947368421"
1120,1,"12,8421052631579"
1121,0,"12,1578947368421"
1122,0,"12,2631578947368"
1123,0,"12,5789473684211"
1124,0,"12,0526315789474"
1125,0,"11,7894736842105"
1126,0,"11,2105263157895"
1127,0,"11,6842105263158"
1128,0,"11,2631578947368"
1129,0,"11,5263157894737"
1130,0,"11,3684210526316"
1131,0,"11,4210526315789"
1132,0,"11,1052631578947"
1133,0,"11,1578947368421"
1134,0,11
1135,0,"11,2105263157895"
1136,0,"11,0526315789474"
1137,0,"10,8947368421053"
1138,0,"11,2105263157895"
1139,1,"11,3157894736842"
1140,1,"11,4210526315789"
1141,0,"11,3684210526316"
1142,0,"11,1052631578947"
1143,0,"11,3684210526316"
1144,0,"11,3684210526316"
1145,1,"11,5263157894737"
1146,0,"11,2631578947368"
1147,0,"11,6842105263158"
1148,1,"11,5263157894737"
1149,0,"11,6315789473684"
1150,0,"11,3684210526316"
1151,0,"11,5263157894737"
1152,0,"11,5789473684211"
1153,0,"11,5789473684211"
1154,0,"11,6842105263158"
1155,0,"11,8421052631579"
1156,1,"11,8947368421053"
1157,0,"11,5789473684211"
1158,0,"12,0526315789474"
1159,0,"12,1052631578947"
1160,0,"12,4736842105263"
1161,0,"12,6315789473684"
1162,0,"12,6315789473684"
1163,0,"12,3684210526316"
1164,0,"12,6315789473684"
1165,0,"12,6842105263158"
1166,0,"12,3684210526316"
1167,0,"12,0526315789474"
1168,0,"11,8947368421053"
1169,1,"12,0526315789474"
1170,0,"11,7894736842105"
1171,0,"12,1052631578947"
1172,0,"12,2631578947368"
1173,0,"12,1052631578947"
1174,0,"12,3157894736842"
1175,0,"12,3684210526316"
1176,0,"12,5263157894737"
1177,0,"12,1052631578947"
1178,0,"12,1052631578947"
1179,0,"11,8947368421053"
1180,1,"11,6842105263158"
1181,0,"11,4736842105263"
1182,1,"11,5263157894737"
1183,1,"10,8947368421053"
1184,1,"10,6315789473684"
1185,0,"10,8947368421053"
1186,0,"11,1578947368421"
1187,0,"11,2105263157895"
1188,0,"11,1578947368421"
1189,0,"11,1052631578947"
1190,0,"10,5263157894737"
1191,0,"10,4210526315789"
1192,1,"10,5263157894737"
1193,0,"10,1052631578947"
1194,0,"10,2631578947368"
1195,0,"10,3684210526316"
1196,0,"10,4736842105263"
1197,0,"10,5263157894737"
1198,0,"10,6315789473684"
1199,0,"10,4210526315789"
1200,0,"10,2105263157895"
1201,0,"10,4210526315789"
1202,0,"10,5263157894737"
1203,0,"10,7894736842105"
1204,0,"10,5789473684211"
1205,0,"10,4736842105263"
1206,0,"10,1578947368421"
1207,0,10
1208,0,"10,1052631578947"
1209,1,"10,4736842105263"
1210,0,"10,3157894736842"
1211,0,"10,1578947368421"
1212,1,"10,1052631578947"
1213,0,"9,94736842105263"
1214,0,"9,63157894736842"
1215,0,"9,57894736842105"
1216,0,"9,47368421052632"
1217,0,"9,1578947368421"
1218,0,"9,47368421052632"
1219,0,"9,52631578947369"
1220,0,"9,52631578947369"
1221,0,"9,57894736842105"
1222,2,"9,36842105263158"
1223,0,"9,57894736842105"
1224,0,"9,57894736842105"
1225,1,"9,52631578947369"
1226,0,"9,57894736842105"
1227,0,"9,68421052631579"
1228,0,"9,21052631578947"
1229,0,"9,31578947368421"
1230,0,"9,42105263157895"
1231,1,"9,36842105263158"
1232,1,"9,26315789473684"
1233,1,"9,31578947368421"
1234,0,"9,1578947368421"
1235,0,"9,1578947368421"
1236,0,"9,26315789473684"
1237,1,"9,52631578947369"
1238,0,"10,0526315789474"
1239,0,"9,89473684210526"
1240,1,"9,73684210526316"
1241,0,"9,57894736842105"
1242,0,"9,26315789473684"
1243,0,"9,21052631578947"
1244,0,"9,31578947368421"
1245,0,"9,47368421052632"
1246,0,"9,42105263157895"
1247,0,"9,52631578947369"
1248,0,"9,31578947368421"
1249,0,"8,8421052631579"
1250,1,9
1251,0,"8,78947368421053"
1252,0,"8,8421052631579"
1253,0,"8,78947368421053"
1254,0,"8,52631578947369"
1255,0,"8,21052631578947"
1256,0,"7,89473684210526"
1257,0,"7,63157894736842"
1258,0,"7,36842105263158"
1259,0,"7,31578947368421"
1260,0,"7,78947368421053"
1261,0,8
1262,0,"8,1578947368421"
1263,0,"7,89473684210526"
1264,0,"7,78947368421053"
1265,0,"7,63157894736842"
1266,0,"7,68421052631579"
1267,0,"7,73684210526316"
1268,0,"7,94736842105263"
1269,0,"7,89473684210526"
1270,0,"8,1578947368421"
1271,0,"8,1578947368421"
1272,0,"8,05263157894737"
1273,0,"8,26315789473684"
1274,0,"8,42105263157895"
1275,1,"8,47368421052632"
1276,0,"8,10526315789474"
1277,0,"8,47368421052632"
1278,1,"8,73684210526316"
1279,0,"8,1578947368421"
1280,0,"7,73684210526316"
1281,0,"7,52631578947368"
1282,0,"7,8421052631579"
1283,0,"7,94736842105263"
1284,0,"8,1578947368421"
1285,0,"8,36842105263158"
1286,0,"8,47368421052632"
1287,0,"8,73684210526316"
1288,0,"8,8421052631579"
1289,0,"8,68421052631579"
1290,0,"8,68421052631579"
1291,0,9
1292,0,"9,10526315789474"
1293,0,"9,26315789473684"
1294,0,"8,89473684210526"
1295,1,9
1296,0,"8,78947368421053"
1297,0,"8,57894736842105"
1298,0,"8,8421052631579"
1299,0,"9,1578947368421"
1300,0,9
1301,0,"8,89473684210526"
1302,0,"8,57894736842105"
1303,0,"8,57894736842105"
1304,0,"8,42105263157895"
1305,0,"8,47368421052632"
1306,0,"8,21052631578947"
1307,0,"8,05263157894737"
1308,0,"8,1578947368421"
1309,0,"8,21052631578947"
1310,0,"8,31578947368421"
1311,0,"7,94736842105263"
1312,0,"7,47368421052632"
1313,0,"7,47368421052632"
1314,0,"7,52631578947368"
1315,1,"7,57894736842105"
1316,0,8
1317,0,"7,78947368421053"
1318,0,"7,63157894736842"
1319,0,"7,94736842105263"
1320,0,"8,1578947368421"
1321,0,"8,36842105263158"
1322,0,"8,31578947368421"
1323,0,"8,1578947368421"
1324,1,"7,94736842105263"
1325,0,"8,05263157894737"
1326,1,8
1327,0,8
1328,0,"7,94736842105263"
1329,0,"7,94736842105263"
1330,0,"8,42105263157895"
1331,0,9
1332,0,"9,42105263157895"
1333,0,"9,31578947368421"
1334,0,"9,36842105263158"
1335,0,"9,05263157894737"
1336,0,"9,10526315789474"
1337,1,"9,36842105263158"
1338,0,"9,31578947368421"
1339,0,"9,05263157894737"
1340,0,"9,1578947368421"
1341,0,"8,94736842105263"
1342,0,"9,21052631578947"
1343,0,"9,21052631578947"
1344,1,"9,1578947368421"
1345,0,"9,36842105263158"
1346,0,"9,31578947368421"
1347,1,"9,10526315789474"
1348,0,"8,63157894736842"
1349,0,"8,31578947368421"
1350,0,8
1351,1,"7,89473684210526"
1352,0,"8,05263157894737"
1353,0,"8,10526315789474"
1354,0,"8,21052631578947"
1355,0,"8,10526315789474"
1356,0,"7,94736842105263"
1357,0,8
1358,0,"7,94736842105263"
1359,1,"7,68421052631579"
1360,0,"7,8421052631579"
1361,1,"7,63157894736842"
1362,1,"7,8421052631579"
1363,0,"7,68421052631579"
1364,0,"7,57894736842105"
1365,0,"7,52631578947368"
1366,0,"7,89473684210526"
1367,0,"7,89473684210526"
1368,0,8
1369,0,"7,8421052631579"
1370,0,"7,78947368421053"
1371,0,"7,63157894736842"
1372,1,"7,68421052631579"
1373,1,"7,68421052631579"
1374,0,"7,68421052631579"
1375,1,"7,8421052631579"
1376,0,"7,47368421052632"
1377,0,"7,63157894736842"
1378,0,"7,63157894736842"
1379,1,"7,47368421052632"
1380,1,"7,47368421052632"
1381,0,"7,52631578947368"
1382,0,"7,47368421052632"
1383,0,"7,42105263157895"
1384,0,"7,68421052631579"
1385,0,"7,68421052631579"
1386,0,8
1387,0,"8,10526315789474"
1388,0,"8,21052631578947"
1389,1,"8,10526315789474"
1390,0,"8,26315789473684"
1391,0,"8,05263157894737"
1392,0,"7,89473684210526"
1393,0,"7,73684210526316"
1394,0,"7,57894736842105"
1395,0,"7,63157894736842"
1396,0,"7,68421052631579"
1397,0,"7,89473684210526"
1398,1,"7,94736842105263"
1399,0,"7,63157894736842"
1400,0,"7,15789473684211"
1401,0,"7,31578947368421"
1402,0,"7,36842105263158"
1403,0,"7,63157894736842"
1404,0,"7,21052631578947"
1405,0,"6,94736842105263"
1406,0,7
1407,0,"6,73684210526316"
1408,0,7
1409,0,"7,05263157894737"
1410,0,"6,94736842105263"
1411,0,"7,10526315789474"
1412,0,"7,52631578947368"
1413,0,"7,52631578947368"
1414,0,"7,52631578947368"
1415,1,"7,36842105263158"
1416,0,"7,15789473684211"
1417,0,"7,26315789473684"
1418,0,"7,31578947368421"
1419,0,"7,52631578947368"
1420,0,"7,68421052631579"
1421,0,"7,68421052631579"
1422,0,"7,21052631578947"
1423,0,"7,36842105263158"
1424,0,"7,57894736842105"
1425,0,"7,31578947368421"
1426,0,"7,73684210526316"
1427,0,"7,47368421052632"
1428,0,"7,21052631578947"
1429,0,"7,21052631578947"
1430,0,"6,94736842105263"
1431,0,"6,63157894736842"
1432,0,"6,47368421052632"
1433,0,"6,47368421052632"
1434,0,"6,52631578947368"
1435,1,"6,8421052631579"
1436,0,"6,78947368421053"
1437,0,7
1438,0,"7,05263157894737"
1439,0,"6,89473684210526"
1440,2,"6,78947368421053"
1441,0,"6,63157894736842"
1442,0,"6,73684210526316"
1443,0,"6,68421052631579"
1444,0,"6,8421052631579"
1445,0,"6,63157894736842"
1446,0,"6,78947368421053"
1447,0,"6,94736842105263"
1448,1,"6,89473684210526"
1449,0,"7,21052631578947"
1450,1,"7,21052631578947"
1451,0,"7,47368421052632"
1452,0,"7,52631578947368"
1453,0,"7,42105263157895"
1454,0,"7,05263157894737"
1455,0,"7,05263157894737"
1456,0,"6,94736842105263"
1457,0,"7,05263157894737"
1458,0,"6,8421052631579"
1459,0,"6,89473684210526"
1460,0,"6,94736842105263"
1461,0,"6,89473684210526"
1462,0,"6,94736842105263"
1463,0,"7,10526315789474"
1464,0,"7,26315789473684"
1465,0,"7,26315789473684"
1466,0,"7,21052631578947"
1467,0,"7,10526315789474"
1468,0,"6,94736842105263"
1469,0,7
1470,0,"6,94736842105263"
1471,0,"6,89473684210526"
1472,0,"6,8421052631579"
1473,1,"6,73684210526316"
1474,1,"6,68421052631579"
1475,0,"6,78947368421053"
1476,0,"6,89473684210526"
1477,0,"6,94736842105263"
1478,0,"6,73684210526316"
1479,0,"6,73684210526316"
1480,0,"6,68421052631579"
1481,0,"6,68421052631579"
1482,0,"6,52631578947368"
1483,0,"6,42105263157895"
1484,0,"6,05263157894737"
1485,0,"6,42105263157895"
1486,0,"6,73684210526316"
1487,0,"6,63157894736842"
1488,0,"6,63157894736842"
1489,0,"6,47368421052632"
1490,0,"6,31578947368421"
1491,0,"6,57894736842105"
1492,0,"6,73684210526316"
1493,0,"6,73684210526316"
1494,0,"6,68421052631579"
1495,1,"6,36842105263158"
1496,0,"6,47368421052632"
1497,1,"6,8421052631579"
1498,0,"6,89473684210526"
1499,1,
1500,0,
1501,0,
1502,0,
1503,0,
1504,1,
1505,0,
1506,1,
1507,1,
1508,0,
1509,1,
1510,0,
1511,1,
1512,0,
1513,0,
1514,0,
1515,2,
1516,1,
1517,1,
1518,0,
1519,0,
1520,0,
1521,0,
1522,0,
1523,1,
1524,0,
1525,0,
1526,0,
1527,0,
1528,0,
1529,0,
1530,0,
1531,0,
1532,0,
1533,0,
1534,0,
1535,0,
1536,0,
1537,0,
1538,1,
1539,0,
1540,0,
1541,0,
1542,0,
1543,0,
1544,1,
1545,0,
1546,0,
1547,1,
1548,0,
1549,0,
1550,0,
1551,0,
1552,0,
1553,0,
1554,0,
1555,0,
1556,0,
1557,0,
1558,0,
1559,0,
1560,1,
1561,0,
1562,0,
1563,0,
1564,0,
1565,0,
1566,0,
1567,0,
1568,0,
1569,0,
1570,0,
1571,0,
1572,0,
1573,0,
1574,0,
1575,1,
1576,1,
1577,0,
1578,1,
1579,1,
1580,0,
1581,0,
1582,2,
1583,0,
1584,0,
1585,0,
1586,0,
1587,0,
1588,0,
1589,0,
1590,1,
1591,0,
1592,1,
1593,0,
1594,0,
1595,0,
1596,0,
1597,0,
1598,0,
1599,0,
1600,0,
1601,0,
1602,1,
1603,0,
1604,0,
1605,0,
1606,0,
1607,0,
1608,0,
1609,0,
1610,0,
1611,0,
1612,1,
1613,0,
1614,0,
1615,0,
1616,0,
1617,1,
1618,0,
1619,0,
1620,0,
1621,0,
1622,0,
1623,0,
1624,0,
1625,0,
1626,0,
1627,0,
1628,0,
1629,0,
1630,0,
1631,0,
1632,0,
1633,0,
1634,0,
1635,0,
1636,1,
1637,0,
1638,0,
1639,1,
1640,1,
1641,0,
1642,0,
1643,0,
1644,0,
1645,0,
1646,0,
1647,0,
1648,0,
1649,0,
1650,0,
1651,0,
1652,0,
1653,0,
1654,0,
1655,0,
1656,0,
1657,1,
1658,0,
1659,0,
1660,0,
1661,0,
1662,0,
1663,0,
1664,0,
1665,0,
1666,1,
1667,0,
1668,1,
1669,1,
1670,0,
1671,1,
1672,0,
1673,0,
1674,1,
1675,0,
1676,0,
1677,0,
1678,0,
1679,0,
1680,0,
1681,0,
1682,0,
1683,0,
1684,0,
1685,0,
1686,0,
1687,0,
1688,0,
1689,0,
1690,0,
1691,0,
1692,0,
1693,0,
1694,1,
1695,0,
1696,0,
1697,1,
1698,0,
1699,1,
1700,0,
1701,0,
1702,0,
1703,0,
1704,1,
1705,0,
1706,1,
1707,1,
1708,0,
1709,0,
1710,0,
1711,0,
1712,0,
1713,0,
1714,0,
1715,0,
1716,2,
1717,0,
1718,0,
1719,0,
1720,1,
1721,0,
1722,0,
1723,0,
1724,0,
1725,0,
1726,0,
1727,0,
1728,0,
1729,0,
1730,0,
1731,1,
1732,0,
1733,1,
1734,0,
1735,0,
1736,0,
1737,0,
1738,0,
1739,0,
1740,0,
1741,0,
1742,0,
1743,0,
1744,0,
1745,0,
1746,0,
1747,0,
1748,0,
1749,0,
1750,0,
1751,0,
1752,0,
1753,0,
1754,0,
1755,0,
1756,0,
1757,0,
1758,0,
1759,0,
1760,0,
1761,0,
1762,0,
1763,0,
1764,0,
1765,0,
1766,0,
1767,0,
1768,0,
1769,0,
1770,0,
1771,0,
1772,0,
1773,0,
1774,0,
1775,0,
1776,0,
1777,0,
1778,0,
1779,0,
1780,0,
1781,0,
1782,0,
1783,0,
1784,0,
1785,0,
1786,0,
1787,1,
1788,0,
1789,0,
1790,0,
1791,1,
1792,0,
1793,0,
1794,0,
1795,0,
1796,0,
1797,0,
1798,0,
1799,1,
1800,0,
1801,0,
1802,0,
1803,2,
1804,0,
1805,0,
1806,0,
1807,0,
1808,0,
1809,0,
1810,0,
1811,0,
1812,0,
1813,1,
1814,0,
1815,2,
1816,0,
1817,0,
1818,0,
1819,1,
1820,0,
1821,0,
1822,0,
1823,1,
1824,0,
1825,0,
1826,0,
1827,0,
1828,0,
1829,0,
1830,0,
1831,0,
1832,0,
1833,1,
1834,0,
1835,0,
1836,1,
1837,1,
1838,0,
1839,0,
1840,1,
1841,1,
1842,0,
1843,0,
1844,0,
1845,0,
1846,0,
1847,0,
1848,0,
1849,0,
1850,0,
1851,0,
1852,0,
1853,0,
1854,0,
1855,1,
1856,0,
1857,0,
1858,0,
1859,0,
1860,0,
1861,0,
1862,1,
1863,0,
1864,0,
1865,0,
1866,0,
1867,0,
1868,0,
1869,0,
1870,0,
1871,0,
1872,1,
1873,0,
1874,0,
1875,0,
1876,0,
1877,0,
1878,0,
1879,0,
1880,0,
1881,0,
1882,0,
1883,0,
1884,0,
1885,0,
1886,1,
1887,0,
1888,0,
1889,0,
1890,0,
1891,0,
1892,0,
1893,0,
1894,0,
1895,0,
1896,0,
1897,0,
1898,0,
1899,0,
1900,0,
1901,0,
1902,1,
1903,0,
1904,0,
1905,1,
1906,0,
1907,0,
1908,0,
1909,0,
1910,0,
1911,0,
1912,0,
1913,0,
1914,0,
1915,0,
1916,0,
1917,0,
1918,0,
1919,0,
1920,1,
1921,0,
1922,0,
1923,0,
1924,0,
1925,0,
1926,1,
1927,0,
1928,0,
1929,0,
1930,0,
1931,1,
1932,1,
1933,0,
1934,0,
1935,0,
1936,0,
1937,0,
1938,0,
1939,0,
1940,0,
1941,0,
1942,0,
1943,0,
1944,0,
1945,1,
1946,1,
1947,0,
1948,0,
1949,0,
1950,0,
1951,0,
1952,1,
1953,0,
1954,0,
1955,0,
1956,0,
1957,0,
1958,0,
1959,0,
1960,0,
1961,0,
1962,0,
1963,1,
1964,0,
1965,0,
1966,0,
1967,0,
1968,0,
1969,0,
1970,0,
1971,1,
1972,0,
1973,0,
1974,0,
1975,0,
1976,0,
1977,0,
1978,0,
1979,2,
1980,0,
1981,0,
1982,0,
1983,1,
1984,0,
1985,0,
1986,0,
1987,0,
1988,0,
1989,0,
1990,0,
1991,0,
1992,0,
1993,0,
1994,0,
1995,0,
1996,0,
1997,0,
1998,0,
1999,0,
2000,0,
2001,0,
2002,0,
2003,0,
2004,0,
2005,1,
2006,0,
2007,1,
2008,0,
2009,0,
2010,0,
2011,0,
2012,0,
2013,1,
2014,0,
2015,0,
2016,0,
2017,0,
2018,0,
2019,1,
2020,0,
2021,0,
2022,1,
2023,0,
2024,0,
2025,1,
2026,0,
2027,0,
2028,0,
2029,0,
2030,0,
2031,0,
2032,0,
2033,0,
2034,0,
2035,0,
2036,0,
2037,0,
2038,1,
2039,0,
2040,0,
2041,0,
2042,0,
2043,0,
2044,0,
2045,0,
2046,0,
2047,0,
2048,0,
2049,1,
2050,0,
2051,1,
2052,0,
2053,0,
2054,1,
2055,0,
2056,0,
2057,0,
2058,0,
2059,0,
2060,0,
2061,0,
2062,0,
2063,1,
2064,0,
2065,0,
2066,0,
2067,0,
2068,0,
2069,0,
2070,0,
2071,0,
2072,0,
2073,1,
2074,0,
2075,0,
2076,0,
2077,0,
2078,0,
2079,0,
2080,0,
2081,0,
2082,1,
2083,0,
2084,0,
2085,0,
2086,0,
2087,0,
2088,0,
2089,0,
2090,1,
2091,1,
2092,0,
2093,0,
2094,0,
2095,0,
2096,0,
2097,0,
2098,0,
2099,0,
2100,0,
2101,0,
2102,0,
2103,2,
2104,0,
2105,0,
2106,0,
2107,0,
2108,0,
2109,0,
2110,0,
2111,0,
2112,0,
2113,0,
2114,0,
2115,0,
2116,0,
2117,1,
2118,0,
2119,0,
2120,0,
2121,0,
2122,0,
2123,0,
2124,0,
2125,0,
2126,0,
2127,0,
2128,0,
2129,0,
2130,0,
2131,0,
2132,0,
2133,0,
2134,0,
2135,0,
2136,0,
2137,0,
2138,0,
2139,0,
2140,0,
2141,0,
2142,0,
2143,0,
2144,0,
2145,0,
2146,0,
2147,0,
2148,0,
2149,0,
2150,0,
2151,0,
2152,0,
2153,0,
2154,0,
2155,0,
2156,0,
2157,0,
2158,0,
2159,0,
2160,0,
2161,0,
2162,0,
2163,0,
2164,0,
2165,1,
2166,0,
2167,0,
2168,0,
2169,0,
2170,0,
2171,0,
2172,0,
2173,0,
2174,0,
2175,0,
2176,0,
2177,0,
2178,0,
2179,0,
2180,0,
2181,0,
2182,0,
2183,1,
2184,0,
2185,1,
2186,0,
2187,0,
2188,0,
2189,0,
2190,0,
2191,0,
2192,0,
2193,0,
2194,0,
2195,0,
2196,0,
2197,0,
2198,0,
2199,0,
2200,0,
2201,0,
2202,0,
2203,0,
2204,0,
2205,0,
2206,0,
2207,0,
2208,0,
2209,0,
2210,0,
2211,0,
2212,0,
2213,0,
2214,0,
2215,0,
2216,0,
2217,0,
2218,0,
2219,0,
2220,0,
2221,1,
2222,0,
2223,0,
2224,0,
2225,0,
2226,0,
2227,0,
2228,0,
2229,0,
2230,0,
2231,0,
2232,0,
2233,0,
2234,0,
2235,0,
2236,0,
2237,0,
2238,0,
2239,1,
2240,0,
2241,0,
2242,0,
2243,0,
2244,0,
2245,0,
2246,0,
2247,0,
2248,0,
2249,0,
2250,0,
2251,0,
2252,0,
2253,0,
2254,0,
2255,0,
2256,0,
2257,0,
2258,1,
2259,0,
2260,0,
2261,0,
2262,0,
2263,0,
2264,0,
2265,0,
2266,0,
2267,0,
2268,0,
2269,0,
2270,0,
2271,0,
2272,0,
2273,1,
2274,0,
2275,0,
2276,0,
2277,1,
2278,0,
2279,0,
2280,0,
2281,0,
2282,0,
2283,0,
2284,0,
2285,0,
2286,0,
2287,1,
2288,0,
2289,0,
2290,0,
2291,0,
2292,0,
2293,0,
2294,0,
2295,0,
2296,0,
2297,0,
2298,0,
2299,0,
2300,0,
2301,1,
2302,0,
2303,0,
2304,0,
2305,0,
2306,0,
2307,0,
2308,0,
2309,0,
2310,0,
2311,0,
2312,0,
2313,0,
2314,0,
2315,0,
2316,0,
2317,0,
2318,0,
2319,1,
2320,0,
2321,0,
2322,0,
2323,0,
2324,0,
2325,0,
2326,1,
2327,0,
2328,1,
2329,0,
2330,0,
2331,0,
2332,0,
2333,0,
2334,0,
2335,0,
2336,0,
2337,0,
2338,0,
2339,0,
2340,0,
2341,1,
2342,0,
2343,0,
2344,0,
2345,0,
2346,0,
2347,0,
2348,0,
2349,0,
2350,0,
2351,1,
2352,0,
2353,0,
2354,0,
2355,0,
2356,0,
2357,0,
2358,0,
2359,0,
2360,0,
2361,1,
2362,0,
2363,0,
2364,0,
2365,0,
2366,0,
2367,0,
2368,0,
2369,0,
2370,0,
2371,0,
2372,0,
2373,0,
2374,0,
2375,0,
2376,0,
2377,0,
2378,0,
2379,0,
2380,0,
2381,0,
2382,1,
2383,0,
2384,0,
2385,0,
2386,0,
2387,0,
2388,0,
2389,0,
2390,0,
2391,1,
2392,0,
2393,0,
2394,0,
2395,0,
2396,0,
2397,0,
2398,0,
2399,0,
2400,0,
2401,0,
2402,0,
2403,0,
2404,0,
2405,0,
2406,0,
2407,0,
2408,0,
2409,0,
2410,0,
2411,1,
2412,0,
2413,0,
2414,0,
2415,0,
2416,0,
2417,0,
2418,0,
2419,0,
2420,0,
2421,0,
2422,0,
2423,0,
2424,0,
2425,0,
2426,0,
2427,0,
2428,0,
2429,0,
2430,0,
2431,0,
2432,0,
2433,0,
2434,1,
2435,0,
2436,0,
2437,0,
2438,0,
2439,0,
2440,0,
2441,0,
2442,0,
2443,0,
2444,0,
2445,0,
2446,0,
2447,0,
2448,0,
2449,0,
2450,0,
2451,0,
2452,0,
2453,0,
2454,0,
2455,0,
2456,0,
2457,0,
2458,0,
2459,0,
2460,0,
2461,0,
2462,0,
2463,0,
2464,0,
2465,0,
2466,0,
2467,0,
2468,1,
2469,0,
2470,0,
2471,0,
2472,0,
2473,0,
2474,0,
2475,0,
2476,0,
2477,1,
2478,0,
2479,1,
2480,0,
2481,0,
2482,0,
2483,0,
2484,0,
2485,0,
2486,0,
2487,0,
2488,0,
2489,0,
2490,0,
2491,0,
2492,0,
2493,0,
2494,0,
2495,1,
2496,0,
2497,0,
2498,0,
2499,0,
2500,0,
2501,0,
2502,0,
2503,1,
2504,0,
2505,0,
2506,0,
2507,0,
2508,0,
2509,0,
2510,0,
2511,0,
2512,0,
2513,0,
2514,0,
2515,0,
2516,0,
2517,0,
2518,0,
2519,0,
2520,0,
2521,0,
2522,0,
2523,0,
2524,0,
2525,0,
2526,0,
2527,1,
2528,0,
2529,0,
2530,0,
2531,0,
2532,0,
2533,0,
2534,0,
2535,0,
2536,0,
2537,0,
2538,0,
2539,0,
2540,0,
2541,0,
2542,1,
2543,0,
2544,1,
2545,0,
2546,0,
2547,0,
2548,0,
2549,0,
2550,0,
2551,0,
2552,1,
2553,0,
2554,0,
2555,0,
2556,0,
2557,0,
2558,0,
2559,0,
2560,0,
2561,0,
2562,0,
2563,0,
2564,0,
2565,1,
2566,0,
2567,0,
2568,0,
2569,0,
2570,0,
2571,0,
2572,0,
2573,0,
2574,0,
2575,0,
2576,0,
2577,0,
2578,0,
2579,0,
2580,0,
2581,0,
2582,0,
2583,0,
2584,0,
2585,0,
2586,0,
2587,0,
2588,0,
2589,0,
2590,0,
2591,0,
2592,0,
2593,0,
2594,0,
2595,0,
2596,0,
2597,0,
2598,0,
2599,0,
2600,0,
2601,0,
2602,0,
2603,0,
2604,0,
2605,0,
2606,0,
2607,0,
2608,0,
2609,0,
2610,0,
2611,0,
2612,0,
2613,0,
2614,0,
2615,0,
2616,0,
2617,0,
2618,0,
2619,0,
2620,0,
2621,0,
2622,0,
2623,0,
2624,0,
2625,0,
2626,0,
2627,0,
2628,0,
2629,0,
2630,0,
2631,0,
2632,0,
2633,0,
2634,1,
2635,0,
2636,0,
2637,0,
2638,0,
2639,0,
2640,0,
2641,0,
2642,0,
2643,0,
2644,0,
2645,0,
2646,0,
2647,0,
2648,0,
2649,1,
2650,0,
2651,0,
2652,0,
2653,0,
2654,0,
2655,0,
2656,0,
2657,0,
2658,0,
2659,0,
2660,0,
2661,0,
2662,0,
2663,0,
2664,0,
2665,0,
2666,0,
2667,0,
2668,0,
2669,0,
2670,0,
2671,0,
2672,0,
2673,0,
2674,0,
2675,0,
2676,0,
2677,0,
2678,0,
2679,0,
2680,0,
2681,0,
2682,0,
2683,0,
2684,0,
2685,0,
2686,0,
2687,0,
2688,0,
2689,0,
2690,0,
2691,0,
2692,1,
2693,0,
2694,0,
2695,0,
2696,0,
2697,0,
2698,0,
2699,0,
2700,0,
2701,0,
2702,1,
2703,0,
2704,0,
2705,0,
2706,0,
2707,0,
2708,1,
2709,1,
2710,0,
2711,0,
2712,0,
2713,0,
2714,0,
2715,0,
2716,1,
2717,0,
2718,0,
2719,1,
2720,0,
2721,0,
2722,0,
2723,0,
2724,0,
2725,0,
2726,0,
2727,0,
2728,0,
2729,1,
2730,0,
2731,1,
2732,0,
2733,0,
2734,0,
2735,0,
2736,0,
2737,0,
2738,0,
2739,0,
2740,0,
2741,0,
2742,0,
2743,0,
2744,0,
2745,0,
2746,1,
2747,0,
2748,0,
2749,0,
2750,0,
2751,0,
2752,0,
2753,0,
2754,1,
2755,0,
2756,0,
2757,0,
2758,0,
2759,0,
2760,0,
2761,0,
2762,0,
2763,0,
2764,0,
2765,0,
2766,0,
2767,0,
2768,0,
2769,0,
2770,0,
2771,0,
2772,0,
2773,0,
2774,1,
2775,0,
2776,0,
2777,1,
2778,0,
2779,0,
2780,2,
2781,0,
2782,0,
2783,0,
2784,0,
2785,0,
2786,0,
2787,0,
2788,0,
2789,0,
2790,0,
2791,0,
2792,0,
2793,0,
2794,0,
2795,0,
2796,0,
2797,0,
2798,0,
2799,1,
2800,0,
2801,0,
2802,0,
2803,0,
2804,0,
2805,0,
2806,0,
2807,0,
2808,0,
2809,0,
2810,0,
2811,0,
2812,0,
2813,0,
2814,0,
2815,0,
2816,0,
2817,0,
2818,0,
2819,0,
2820,0,
2821,0,
2822,0,
2823,0,
2824,0,
2825,0,
2826,0,
2827,0,
2828,0,
2829,0,
2830,0,
2831,0,
2832,0,
2833,0,
2834,0,
2835,1,
2836,0,
2837,1,
2838,0,
2839,0,
2840,0,
2841,0,
2842,0,
2843,0,
2844,0,
2845,0,
2846,0,
2847,0,
2848,0,
2849,0,
2850,0,
2851,0,
2852,0,
2853,0,
2854,0,
2855,0,
2856,0,
2857,0,
2858,0,
2859,0,
2860,0,
2861,1,
2862,0,
2863,1,
2864,1,
2865,0,
2866,0,
2867,0,
2868,1,
2869,0,
2870,0,
2871,0,
2872,0,
2873,0,
2874,0,
2875,0,
2876,0,
2877,0,
2878,0,
2879,0,
2880,0,
2881,0,
2882,0,
2883,0,
2884,0,
2885,1,
2886,0,
2887,0,
2888,0,
2889,0,
2890,0,
2891,0,
2892,0,
2893,0,
2894,0,
2895,1,
2896,1,
2897,0,
2898,1,
2899,1,
2900,0,
2901,0,
2902,0,
2903,0,
2904,0,
2905,0,
2906,0,
2907,0,
2908,0,
2909,0,
2910,0,
2911,0,
2912,0,
2913,0,
2914,1,
2915,0,
2916,0,
2917,0,
2918,0,
2919,0,
2920,0,
2921,0,
2922,0,
2923,0,
2924,0,
2925,0,
2926,0,
2927,0,
2928,0,
2929,1,
2930,0,
2931,0,
2932,0,
2933,0,
2934,0,
2935,0,
2936,0,
2937,0,
2938,0,
2939,0,
2940,0,
2941,0,
2942,0,
2943,0,
2944,0,
2945,0,
2946,0,
2947,0,
2948,0,
2949,0,
2950,0,
2951,1,
2952,0,
2953,1,
2954,0,
2955,0,
2956,0,
2957,0,
2958,0,
2959,0,
2960,0,
2961,0,
2962,0,
2963,0,
2964,0,
2965,0,
2966,0,
2967,0,
2968,0,
2969,0,
2970,0,
2971,0,
2972,0,
2973,1,
2974,0,
2975,0,
2976,0,
2977,1,
2978,0,
2979,0,
2980,0,
2981,0,
2982,0,
2983,0,
2984,0,
2985,0,
2986,0,
2987,0,
2988,0,
2989,0,
2990,0,
2991,0,
2992,0,
2993,0,
2994,0,
2995,0,
2996,0,
2997,0,
2998,0,
2999,0,
3000,0,
3001,0,
3002,0,
3003,0,
3004,0,
3005,0,
3006,0,
3007,0,
3008,0,
3009,0,
3010,0,
3011,0,
3012,0,
3013,0,
3014,0,
3015,0,
3016,0,
3017,0,
3018,0,
3019,0,
3020,0,
3021,0,
3022,0,
3023,0,
3024,0,
3025,0,
3026,0,
3027,0,
3028,0,
3029,0,
3030,0,
3031,0,
3032,0,
3033,0,
3034,0,
3035,0,
3036,0,
3037,0,
3038,0,
3039,0,
3040,0,
3041,0,
3042,0,
3043,0,
3044,0,
3045,0,
3046,0,
3047,0,
3048,0,
3049,0,
3050,0,
3051,0,
3052,0,
3053,0,
3054,0,
3055,0,
3056,0,
3057,0,
3058,0,
3059,0,
3060,0,
3061,0,
3062,0,
3063,0,
3064,0,
3065,0,
3066,0,
3067,0,
3068,0,
3069,0,
3070,0,
3071,0,
3072,0,
3073,0,
3074,0,
3075,0,
3076,0,
3077,0,
3078,0,
3079,0,
3080,0,
3081,0,
3082,0,
3083,0,
3084,0,
3085,1,
3086,0,
3087,0,
3088,0,
3089,0,
3090,0,
3091,0,
3092,0,
3093,0,
3094,0,
3095,0,
3096,0,
3097,0,
3098,0,
3099,0,
3100,0,
3101,0,
3102,0,
3103,0,
3104,0,
3105,0,
3106,0,
3107,0,
3108,0,
3109,0,
3110,1,
3111,0,
3112,0,
3113,0,
3114,0,
3115,0,
3116,0,
3117,0,
3118,0,
3119,0,
3120,0,
3121,0,
3122,0,
3123,0,
3124,0,
3125,0,
3126,0,
3127,0,
3128,0,
3129,0,
3130,0,
3131,0,
3132,0,
3133,0,
3134,0,
3135,0,
3136,0,
3137,0,
3138,0,
3139,0,
3140,1,
3141,0,
3142,0,
3143,0,
3144,0,
3145,0,
3146,0,
3147,0,
3148,0,
3149,0,
3150,0,
3151,0,
3152,0,
3153,0,
3154,0,
3155,0,
3156,0,
3157,0,
3158,0,
3159,0,
3160,0,
3161,0,
3162,0,
3163,0,
3164,0,
3165,0,
3166,0,
3167,0,
3168,0,
3169,0,
3170,0,
3171,0,
3172,0,
3173,0,
3174,1,
3175,0,
3176,0,
3177,0,
3178,0,
3179,0,
3180,0,
3181,0,
3182,0,
3183,0,
3184,0,
3185,0,
3186,0,
3187,0,
3188,0,
3189,0,
3190,0,
3191,0,
3192,1,
3193,0,
3194,0,
3195,0,
3196,0,
3197,0,
3198,0,
3199,0,
3200,0,
3201,0,
3202,0,
3203,0,
3204,0,
3205,0,
3206,0,
3207,0,
3208,0,
3209,0,
3210,0,
3211,0,
3212,0,
3213,0,
3214,0,
3215,0,
3216,0,
3217,0,
3218,0,
3219,0,
3220,0,
3221,0,
3222,0,
3223,0,
3224,0,
3225,0,
3226,0,
3227,0,
3228,0,
3229,0,
3230,0,
3231,0,
3232,0,
3233,0,
3234,0,
3235,0,
3236,0,
3237,0,
3238,0,
3239,0,
3240,0,
3241,0,
3242,0,
3243,0,
3244,0,
3245,0,
3246,0,
3247,0,
3248,0,
3249,0,
3250,0,
3251,1,
3252,0,
3253,0,
3254,0,
3255,0,
3256,0,
3257,0,
3258,0,
3259,0,
3260,0,
3261,0,
3262,0,
3263,0,
3264,0,
3265,1,
3266,0,
3267,0,
3268,0,
3269,0,
3270,0,
3271,0,
3272,0,
3273,0,
3274,0,
3275,0,
3276,0,
3277,0,
3278,0,
3279,0,
3280,0,
3281,0,
3282,1,
3283,0,
3284,0,
3285,0,
3286,0,
3287,0,
3288,0,
3289,0,
3290,0,
3291,0,
3292,0,
3293,0,
3294,0,
3295,0,
3296,0,
3297,0,
3298,0,
3299,1,
3300,0,
3301,0,
3302,0,
3303,0,
3304,0,
3305,0,
3306,0,
3307,0,
3308,0,
3309,0,
3310,0,
3311,0,
3312,0,
3313,0,
3314,0,
3315,0,
3316,0,
3317,0,
3318,0,
3319,0,
3320,0,
3321,0,
3322,0,
3323,0,
3324,0,
3325,0,
3326,0,
3327,1,
3328,0,
3329,0,
3330,0,
3331,0,
3332,0,
3333,0,
3334,0,
3335,0,
3336,0,
3337,0,
3338,0,
3339,0,
3340,0,
3341,0,
3342,0,
3343,0,
3344,0,
3345,0,
3346,0,
3347,0,
3348,0,
3349,0,
3350,0,
3351,0,
3352,0,
3353,0,
3354,0,
3355,0,
3356,0,
3357,0,
3358,0,
3359,0,
3360,0,
3361,0,
3362,0,
3363,0,
3364,0,
3365,1,
3366,0,
3367,0,
3368,0,
3369,0,
3370,0,
3371,0,
3372,0,
3373,0,
3374,0,
3375,0,
3376,0,
3377,1,
3378,0,
3379,0,
3380,0,
3381,0,
3382,0,
3383,0,
3384,0,
3385,0,
3386,0,
3387,0,
3388,0,
3389,0,
3390,0,
3391,0,
3392,0,
3393,0,
3394,0,
3395,0,
3396,0,
3397,0,
3398,0,
3399,0,
3400,0,
3401,0,
3402,0,
3403,0,
3404,0,
3405,0,
3406,0,
3407,0,
3408,0,
3409,0,
3410,0,
3411,0,
3412,0,
3413,0,
3414,0,
3415,0,
3416,0,
3417,0,
3418,1,
3419,0,
3420,0,
3421,0,
3422,0,
3423,0,
3424,0,
3425,0,
3426,0,
3427,0,
3428,0,
3429,0,
3430,0,
3431,0,
3432,0,
3433,0,
3434,0,
3435,0,
3436,0,
3437,0,
3438,0,
3439,0,
3440,0,
3441,0,
3442,0,
3443,0,
3444,0,
3445,0,
3446,0,
3447,0,
3448,0,
3449,0,
3450,0,
3451,0,
3452,0,
3453,0,
3454,0,
3455,0,
3456,0,
3457,0,
3458,0,
3459,0,
3460,0,
3461,0,
3462,0,
3463,0,
3464,0,
3465,0,
3466,1,
3467,0,
3468,0,
3469,0,
3470,0,
3471,0,
3472,0,
3473,0,
3474,0,
3475,0,
3476,0,
3477,0,
3478,2,
3479,0,
3480,0,
3481,0,
3482,2,
3483,0,
3484,0,
3485,0,
3486,0,
3487,0,
3488,0,
3489,0,
3490,1,
3491,0,
3492,0,
3493,0,
3494,0,
3495,0,
3496,0,
3497,0,
3498,0,
3499,0,
3500,0,
3501,0,
3502,0,
3503,0,
3504,0,
3505,0,
3506,0,
3507,0,
3508,0,
3509,0,
3510,0,
3511,0,
3512,0,
3513,0,
3514,0,
3515,0,
3516,0,
3517,0,
3518,0,
3519,0,
3520,0,
3521,0,
3522,0,
3523,0,
3524,0,
3525,0,
3526,0,
3527,0,
3528,0,
3529,0,
3530,0,
3531,0,
3532,0,
3533,0,
3534,0,
3535,0,
3536,0,
3537,0,
3538,0,
3539,0,
3540,0,
3541,0,
3542,0,
3543,0,
3544,0,
3545,0,
3546,0,
3547,0,
3548,0,
3549,0,
3550,0,
3551,0,
3552,0,
3553,0,
3554,0,
3555,0,
3556,0,
3557,0,
3558,0,
3559,0,
3560,0,
3561,1,
3562,0,
3563,0,
3564,0,
3565,0,
3566,0,
3567,0,
3568,0,
3569,0,
3570,0,
3571,0,
3572,0,
3573,1,
3574,0,
3575,0,
3576,0,
3577,0,
3578,0,
3579,0,
3580,0,
3581,0,
3582,0,
3583,0,
3584,0,
3585,0,
3586,0,
3587,0,
3588,0,
3589,0,
3590,0,
3591,0,
3592,0,
3593,0,
3594,0,
3595,0,
3596,0,
3597,0,
3598,0,
3599,0,
3600,0,
3601,0,
3602,0,
3603,0,
3604,0,
3605,0,
3606,0,
3607,0,
3608,0,
3609,0,
3610,0,
3611,0,
3612,0,
3613,0,
3614,0,
3615,0,
3616,0,
3617,0,
3618,0,
3619,0,
3620,0,
3621,0,
3622,0,
3623,0,
3624,0,
3625,0,
3626,0,
3627,0,
3628,0,
3629,0,
3630,0,
3631,0,
3632,0,
3633,0,
3634,0,
3635,0,
3636,0,
3637,0,
3638,0,
3639,0,
3640,0,
3641,0,
3642,0,
3643,0,
3644,0,
3645,0,
3646,0,
3647,0,
3648,0,
3649,0,
3650,0,
3651,0,
3652,0,
3653,0,
3654,0,
3655,0,
3656,0,
3657,0,
3658,0,
3659,0,
3660,0,
3661,0,
3662,0,
3663,0,
3664,0,
3665,0,
3666,1,
3667,0,
3668,0,
3669,0,
3670,0,
3671,0,
3672,0,
3673,0,
3674,0,
3675,0,
3676,0,
3677,0,
3678,0,
3679,0,
3680,0,
3681,0,
3682,0,
3683,0,
3684,0,
3685,0,
3686,0,
3687,0,
3688,0,
3689,0,
3690,0,
3691,0,
3692,0,
3693,0,
3694,0,
3695,0,
3696,0,
3697,0,
3698,0,
3699,1,
3700,0,
3701,0,
3702,0,
3703,0,
3704,0,
3705,0,
3706,0,
3707,0,
3708,0,
3709,0,
3710,0,
3711,0,
3712,0,
3713,0,
3714,0,
3715,0,
3716,0,
3717,0,
3718,0,
3719,0,
3720,0,
3721,0,
3722,0,
3723,0,
3724,0,
3725,0,
3726,0,
3727,0,
3728,0,
3729,0,
3730,0,
3731,0,
3732,2,
3733,0,
3734,0,
3735,0,
3736,0,
3737,0,
3738,0,
3739,0,
3740,0,
3741,0,
3742,0,
3743,0,
3744,0,
3745,1,
3746,0,
3747,0,
3748,0,
3749,0,
3750,0,
3751,0,
3752,0,
3753,0,
3754,0,
3755,0,
3756,0,
3757,0,
3758,0,
3759,0,
3760,0,
3761,0,
3762,0,
3763,0,
3764,0,
3765,0,
3766,0,
3767,0,
3768,0,
3769,0,
3770,0,
3771,0,
3772,0,
3773,0,
3774,0,
3775,0,
3776,0,
3777,0,
3778,0,
3779,0,
3780,1,
3781,0,
3782,0,
3783,0,
3784,0,
3785,0,
3786,0,
3787,0,
3788,0,
3789,0,
3790,0,
3791,0,
3792,0,
3793,0,
3794,0,
3795,0,
3796,0,
3797,0,
3798,0,
3799,0,
3800,0,
3801,0,
3802,0,
3803,0,
3804,0,
3805,0,
3806,0,
3807,0,
3808,0,
3809,0,
3810,0,
3811,0,
3812,0,
3813,0,
3814,0,
3815,0,
3816,0,
3817,0,
3818,0,
3819,0,
3820,0,
3821,0,
3822,0,
3823,0,
3824,0,
3825,0,
3826,0,
3827,0,
3828,0,
3829,0,
3830,0,
3831,0,
3832,0,
3833,0,
3834,0,
3835,0,
3836,0,
3837,0,
3838,0,
3839,0,
3840,1,
3841,0,
3842,0,
3843,0,
3844,0,
3845,0,
3846,0,
3847,0,
3848,0,
3849,0,
3850,0,
3851,0,
3852,0,
3853,0,
3854,1,
3855,0,
3856,0,
3857,0,
3858,2,
3859,0,
3860,0,
3861,0,
3862,0,
3863,1,
3864,0,
3865,0,
3866,1,
3867,0,
3868,1,
3869,0,
3870,0,
3871,0,
3872,0,
3873,0,
3874,0,
3875,0,
3876,0,
3877,0,
3878,0,
3879,0,
3880,0,
3881,0,
3882,0,
3883,0,
3884,0,
3885,0,
3886,0,
3887,0,
3888,1,
3889,0,
3890,0,
3891,1,
3892,0,
3893,0,
3894,1,
3895,0,
3896,0,
3897,0,
3898,0,
3899,0,
3900,0,
3901,0,
3902,0,
3903,0,
3904,0,
3905,0,
3906,0,
3907,1,
3908,1,
3909,0,
3910,0,
3911,0,
3912,0,
3913,0,
3914,0,
3915,0,
3916,0,
3917,0,
3918,0,
3919,0,
3920,0,
3921,0,
3922,0,
3923,0,
3924,0,
3925,6,
3926,0,
3927,0,
3928,0,
3929,0,
3930,0,
3931,0,
3932,0,
3933,0,
3934,0,
3935,0,
3936,0,
3937,1,
3938,0,
3939,0,
3940,0,
3941,0,
3942,0,
3943,0,
3944,0,
3945,0,
3946,0,
3947,0,
3948,0,
3949,0,
3950,0,
3951,0,
3952,0,
3953,0,
3954,0,
3955,0,
3956,0,
3957,0,
3958,0,
3959,0,
3960,0,
3961,0,
3962,0,
3963,0,
3964,0,
3965,0,
3966,0,
3967,0,
3968,0,
3969,0,
3970,0,
3971,0,
3972,0,
3973,0,
3974,0,
3975,0,
3976,0,
3977,0,
3978,0,
3979,0,
3980,0,
3981,0,
3982,0,
3983,0,
3984,0,
3985,0,
3986,0,
3987,0,
3988,0,
3989,0,
3990,0,
3991,0,
3992,0,
3993,0,
3994,0,
3995,0,
3996,0,
3997,0,
3998,0,
3999,0,
4000,0,
4001,0,
4002,0,
4003,0,
4004,0,
4005,0,
4006,0,
4007,0,
4008,0,
4009,0,
4010,0,
4011,0,
4012,0,
4013,0,
4014,0,
4015,0,
4016,0,
4017,0,
4018,0,
4019,0,
4020,0,
4021,0,
4022,0,
4023,0,
4024,0,
4025,0,
4026,0,
4027,0,
4028,0,
4029,0,
4030,0,
4031,0,
4032,0,
4033,0,
4034,0,
4035,0,
4036,0,
4037,0,
4038,0,
4039,0,
4040,0,
4041,0,
4042,0,
4043,0,
4044,0,
4045,0,
4046,0,
4047,0,
4048,0,
4049,0,
4050,0,
4051,0,
4052,0,
4053,0,
4054,0,
4055,0,
4056,0,
4057,0,
4058,0,
4059,0,
4060,0,
4061,0,
4062,0,
4063,0,
4064,0,
4065,0,
4066,0,
4067,0,
4068,0,
4069,0,
4070,0,
4071,0,
4072,0,
4073,0,
4074,0,
4075,0,
4076,0,
4077,0,
4078,0,
4079,0,
4080,0,
4081,0,
4082,0,
4083,0,
4084,0,
4085,0,
4086,0,
4087,0,
4088,0,
4089,0,
4090,0,
4091,0,
4092,0,
4093,0,
4094,0,
4095,0,
