Channel,Raw,Smoothed
0,0,0
1,0,0
2,0,0
3,0,0
4,0,0
5,0,0
6,0,0
7,0,0
8,0,0
9,0,0
10,684,2590
11,739,905
12,919,978
13,987,1042
14,1144,1111
15,1146,1181
16,1225,1254
17,1373,1323
18,1526,1393
19,1584,1469
20,1690,1541
21,1779,1602
22,1950,1664
23,1857,1719
24,1856,1769
25,1897,1819
26,1971,1869
27,1874,1926
28,1956,1992
29,2095,2070
30,2119,2161
31,1970,2264
32,2026,2377
33,2094,2482
34,2030,2596
35,2188,2712
36,2193,2831
37,2433,2939
38,2752,3039
39,3171,3143
40,3493,3245
41,3855,3351
42,4155,3457
43,4153,3564
44,4255,3665
45,4279,3760
46,4395,3842
47,4251,3930
48,3967,3996
49,4142,4046
50,4229,4074
51,4352,4084
52,4191,4079
53,4278,4055
54,4203,4014
55,4027,3975
56,3908,3938
57,4044,3897
58,3825,3867
59,3797,3846
60,3757,3814
61,3710,3774
62,3754,3731
63,3656,3692
64,3279,3646
65,3451,3602
66,3494,3563
67,3527,3532
68,3636,3494
69,3506,3460
70,3477,3414
71,3386,3382
72,3464,3351
73,3359,3330
74,3308,3310
75,3296,3306
76,3191,3295
77,3256,3282
78,3257,3265
79,3099,3242
80,2833,3233
81,3084,3224
82,3069,3218
83,3318,3205
84,3220,3200
85,3199,3193
86,3223,3181
87,3221,3184
88,3180,3195
89,3153,3202
90,3318,3225
91,3285,3259
92,3250,3288
93,3199,3327
94,3247,3380
95,3173,3432
96,3036,3479
97,3250,3529
98,3482,3583
99,3411,3648
100,3585,3725
101,3537,3786
102,3699,3845
103,3896,3923
104,4427,4032
105,4313,4148
106,4179,4285
107,4281,4439
108,4347,4597
109,4553,4753
110,4759,4929
111,4617,5123
112,4511,5343
113,4883,5563
114,5498,5791
115,5679,6017
116,6045,6277
117,6276,6542
118,6564,6777
119,6765,7062
120,7096,7397
121,7678,7749
122,8154,8127
123,8313,8540
124,8693,8960
125,9158,9376
126,9783,9832
127,9744,10306
128,9201,10773
129,10344,11235
130,11584,11697
131,12151,12188
132,12562,12673
133,13189,13120
134,13702,13501
135,14231,13924
136,15250,14415
137,16008,14897
138,16077,15383
139,16270,15928
140,16460,16421
141,17398,16847
142,17867,17253
143,17542,17643
144,16323,18023
145,17573,18366
146,19461,18674
147,19905,18947
148,19956,19170
149,20644,19339
150,20707,19422
151,20520,19528
152,20686,19655
153,20741,19734
154,21168,19821
155,20913,19964
156,20690,20020
157,20987,19969
158,20694,19891
159,19617,19790
160,18010,19637
161,18700,19441
162,20053,19220
163,19529,18978
164,19371,18709
165,19338,18370
166,18740,17959
167,18400,17584
168,18253,17214
169,17835,16832
170,17440,16481
171,16589,16182
172,15869,15834
173,15609,15397
174,15102,14957
175,14038,14513
176,12286,14068
177,12819,13612
178,13216,13155
179,12678,12691
180,12243,12230
181,11733,11757
182,11374,11283
183,10894,10844
184,10284,10433
185,10053,10030
186,9973,9659
187,9171,9366
188,8806,9033
189,8501,8682
190,8171,8342
191,7506,8015
192,6622,7692
193,6659,7379
194,6964,7080
195,6649,6807
196,6256,6535
197,6119,6258
198,5824,5995
199,5851,5747
200,5545,5524
201,5379,5311
202,4942,5126
203,4804,4976
204,4603,4823
205,4559,4646
206,4346,4488
207,4144,4342
208,3657,4200
209,3603,4065
210,3801,3928
211,3705,3804
212,3621,3682
213,3474,3575
214,3439,3462
215,3253,3363
216,3332,3275
217,3196,3196
218,3139,3126
219,2986,3074
220,2979,3026
221,2930,2955
222,2825,2879
223,2685,2815
224,2425,2775
225,2543,2731
226,2699,2693
227,2700,2657
228,2662,2622
229,2574,2585
230,2581,2544
231,2318,2513
232,2109,2493
233,2276,2472
234,2639,2457
235,2513,2459
236,2449,2451
237,2587,2431
238,2459,2416
239,2354,2403
240,2123,2395
241,2334,2383
242,2507,2387
243,2390,2399
244,2371,2408
245,2456,2392
246,2370,2373
247,2292,2358
248,2391,2346
249,2375,2341
250,2405,2344
251,2341,2352
252,2387,2355
253,2375,2353
254,2451,2360
255,2316,2362
256,2118,2359
257,2126,2356
258,2329,2353
259,2366,2354
260,2409,2350
261,2303,2343
262,2388,2329
263,2461,2318
264,2544,2317
265,2415,2310
266,2387,2307
267,2305,2321
268,2237,2332
269,2411,2331
270,2294,2331
271,2241,2330
272,2065,2337
273,2137,2333
274,2362,2328
275,2313,2324
276,2248,2318
277,2411,2312
278,2363,2296
279,2298,2297
280,2361,2291
281,2394,2292
282,2442,2296
283,2323,2307
284,2355,2318
285,2456,2317
286,2283,2326
287,2264,2335
288,1976,2333
289,2247,2336
290,2278,2336
291,2320,2338
292,2328,2337
293,2297,2326
294,2374,2315
295,2327,2310
296,2505,2305
297,2444,2304
298,2375,2306
299,2420,2325
300,2303,2329
301,2388,2332
302,2373,2330
303,2229,2325
304,2082,2327
305,2251,2322
306,2357,2321
307,2253,2312
308,2317,2309
309,2361,2306
310,2344,2287
311,2337,2281
312,2273,2279
313,2225,2278
314,2343,2286
315,2275,2296
316,2297,2304
317,2305,2304
318,2393,2310
319,2316,2319
320,2023,2324
321,2178,2326
322,2329,2325
323,2355,2328
324,2406,2330
325,2286,2326
326,2411,2314
327,2376,2310
328,2377,2313
329,2506,2309
330,2461,2311
331,2376,2330
332,2334,2338
333,2328,2339
334,2260,2341
335,2272,2340
336,2021,2344
337,2209,2338
338,2363,2336
339,2303,2338
340,2367,2332
341,2430,2323
342,2342,2308
343,2352,2298
344,2381,2303
345,2399,2308
346,2357,2314
347,2297,2327
348,2338,2329
349,2417,2302
350,2384,2248
351,2265,2223
352,2057,2226
353,2128,2230
354,2421,2227
355,2384,2229
356,2389,2228
357,2285,2222
358,2252,2213
359,1803,2205
360,1179,2206
361,1830,2206
362,2500,2211
363,2413,2226
364,2295,2240
365,2424,2240
366,2375,2238
367,2242,2240
368,2100,2246
369,2171,2250
370,2449,2275
371,2371,2332
372,2364,2359
373,2375,2352
374,2431,2338
375,2427,2338
376,2323,2340
377,2436,2339
378,2406,2346
379,2356,2360
380,2320,2371
381,2373,2370
382,2404,2377
383,2346,2388
384,2125,2390
385,2295,2390
386,2468,2387
387,2340,2389
388,2387,2385
389,2404,2380
390,2409,2370
391,2419,2362
392,2517,2360
393,2606,2355
394,2405,2354
395,2435,2368
396,2368,2372
397,2370,2367
398,2352,2369
399,2287,2372
400,2142,2370
401,2156,2371
402,2328,2367
403,2305,2363
404,2316,2352
405,2425,2346
406,2373,2328
407,2368,2320
408,2378,2318
409,2461,2316
410,2367,2319
411,2423,2333
412,2327,2342
413,2451,2346
414,2358,2350
415,2283,2357
416,2060,2355
417,2205,2361
418,2320,2363
419,2305,2363
420,2359,2359
421,2440,2356
422,2344,2340
423,2399,2334
424,2388,2334
425,2466,2333
426,2395,2336
427,2484,2352
428,2411,2360
429,2386,2362
430,2377,2365
431,2309,2368
432,2076,2366
433,2211,2373
434,2440,2370
435,2346,2367
436,2349,2361
437,2395,2357
438,2376,2338
439,2366,2328
440,2362,2327
441,2414,2325
442,2396,2326
443,2490,2338
444,2338,2343
445,2322,2343
446,2357,2352
447,2292,2355
448,2103,2358
449,2185,2357
450,2381,2363
451,2318,2361
452,2331,2359
453,2337,2355
454,2310,2335
455,2443,2331
456,2532,2337
457,2415,2335
458,2467,2334
459,2349,2349
460,2484,2360
461,2337,2361
462,2358,2361
463,2308,2364
464,2081,2366
465,2243,2367
466,2449,2364
467,2316,2359
468,2271,2360
469,2428,2348
470,2419,2332
471,2403,2317
472,2303,2317
473,2393,2322
474,2396,2325
475,2318,2341
476,2376,2347
477,2426,2334
478,2435,2312
479,2219,2305
480,2013,2309
481,2173,2306
482,2338,2302
483,2466,2307
484,2360,2306
485,2434,2299
486,2356,2290
487,2187,2287
488,1852,2291
489,2115,2290
490,2522,2296
491,2351,2315
492,2312,2329
493,2413,2333
494,2375,2325
495,2243,2329
496,2140,2335
497,2312,2338
498,2496,2352
499,2431,2380
500,2327,2392
501,2413,2386
502,2467,2376
503,2431,2374
504,2301,2381
505,2449,2385
506,2555,2395
507,2407,2407
508,2496,2415
509,2426,2418
510,2372,2425
511,2396,2439
512,2145,2447
513,2279,2448
514,2545,2449
515,2464,2462
516,2455,2466
517,2392,2460
518,2484,2449
519,2545,2442
520,2585,2450
521,2614,2459
522,2586,2462
523,2493,2476
524,2454,2484
525,2564,2483
526,2535,2481
527,2428,2482
528,2186,2490
529,2348,2494
530,2586,2489
531,2572,2483
532,2443,2484
533,2458,2471
534,2443,2460
535,2511,2458
536,2436,2458
537,2467,2459
538,2570,2466
539,2566,2485
540,2437,2492
541,2451,2495
542,2641,2497
543,2317,2510
544,2263,2519
545,2397,2523
546,2579,2528
547,2550,2532
548,2577,2540
549,2579,2534
550,2503,2522
551,2653,2520
552,2599,2527
553,2726,2526
554,2634,2539
555,2546,2550
556,2617,2560
557,2506,2562
558,2637,2559
559,2453,2563
560,2313,2564
561,2390,2566
562,2597,2567
563,2622,2562
564,2591,2557
565,2494,2547
566,2608,2533
567,2623,2529
568,2481,2538
569,2661,2537
570,2591,2547
571,2558,2565
572,2667,2578
573,2500,2576
574,2625,2580
575,2411,2582
576,2263,2588
577,2534,2585
578,2690,2583
579,2624,2591
580,2663,2588
581,2684,2585
582,2660,2568
583,2561,2556
584,2701,2563
585,2633,2561
586,2620,2568
587,2538,2581
588,2596,2587
589,2632,2583
590,2615,2580
591,2514,2579
592,2217,2575
593,2409,2571
594,2638,2572
595,2591,2566
596,2551,2563
597,2544,2550
598,2661,2537
599,2594,2528
600,2576,2524
601,2629,2522
602,2612,2525
603,2573,2541
604,2588,2550
605,2571,2554
606,2555,2570
607,2362,2581
608,2255,2582
609,2411,2579
610,2541,2575
611,2587,2573
612,2575,2568
613,2556,2561
614,2595,2541
615,2716,2533
616,2923,2533
617,2791,2530
618,2571,2540
619,2595,2548
620,2509,2555
621,2528,2552
622,2523,2546
623,2471,2546
624,2153,2546
625,2408,2543
626,2575,2533
627,2493,2511
628,2568,2499
629,2429,2492
630,2548,2473
631,2487,2462
632,2462,2460
633,2565,2457
634,2571,2458
635,2532,2474
636,2508,2476
637,2459,2472
638,2540,2477
639,2419,2479
640,2199,2484
641,2276,2481
642,2489,2481
643,2445,2478
644,2508,2477
645,2485,2466
646,2441,2448
647,2500,2441
648,2589,2441
649,2611,2444
650,2533,2446
651,2499,2458
652,2484,2465
653,2402,2462
654,2538,2463
655,2331,2456
656,2165,2456
657,2366,2455
658,2451,2447
659,2603,2441
660,2466,2434
661,2455,2423
662,2408,2406
663,2435,2395
664,2458,2396
665,2374,2391
666,2472,2393
667,2429,2407
668,2321,2413
669,2479,2413
670,2463,2406
671,2293,2404
672,2140,2408
673,2264,2413
674,2415,2408
675,2439,2405
676,2374,2405
677,2454,2396
678,2490,2380
679,2442,2377
680,2474,2373
681,2414,2373
682,2549,2377
683,2511,2394
684,2324,2403
685,2401,2407
686,2371,2402
687,2276,2400
688,2099,2399
689,2261,2392
690,2386,2388
691,2474,2385
692,2379,2388
693,2488,2377
694,2446,2359
695,2495,2352
696,2337,2352
697,2334,2350
698,2431,2354
699,2358,2366
700,2350,2374
701,2405,2374
702,2490,2376
703,2303,2380
704,2144,2375
705,2164,2374
706,2405,2369
707,2340,2372
708,2345,2377
709,2371,2374
710,2423,2361
711,2390,2353
712,2507,2353
713,2468,2347
714,2376,2346
715,2420,2355
716,2398,2369
717,2409,2364
718,2422,2365
719,2381,2367
720,2072,2371
721,2200,2369
722,2403,2372
723,2351,2367
724,2290,2365
725,2328,2360
726,2455,2344
727,2300,2335
728,2370,2333
729,2386,2333
730,2458,2329
731,2380,2341
732,2448,2349
733,2392,2340
734,2433,2316
735,2283,2310
736,2073,2310
737,2208,2308
738,2374,2309
739,2408,2307
740,2309,2309
741,2322,2299
742,2365,2285
743,2208,2275
744,1866,2280
745,2144,2277
746,2341,2283
747,2402,2299
748,2319,2310
749,2340,2313
750,2418,2311
751,2260,2320
752,2075,2327
753,2251,2333
754,2488,2346
755,2364,2375
756,2421,2389
757,2404,2387
758,2442,2375
759,2429,2372
760,2382,2376
761,2498,2379
762,2463,2388
763,2495,2405
764,2478,2419
765,2465,2421
766,2436,2432
767,2314,2438
768,2148,2445
769,2249,2446
770,2419,2450
771,2478,2458
772,2454,2459
773,2446,2456
774,2536,2447
775,2531,2446
776,2587,2450
777,2557,2458
778,2541,2469
779,2469,2489
780,2513,2507
781,2552,2514
782,2523,2517
783,2397,2526
784,2313,2538
785,2455,2542
786,2544,2551
787,2604,2553
788,2546,2555
789,2555,2557
790,2641,2554
791,2554,2548
792,2552,2557
793,2644,2570
794,2686,2586
795,2622,2607
796,2717,2619
797,2637,2629
798,2602,2637
799,2588,2652
800,2403,2663
801,2386,2662
802,2738,2665
803,2794,2674
804,2733,2679
805,2758,2679
806,2700,2672
807,2759,2663
808,2768,2672
809,2866,2681
810,2775,2691
811,2625,2709
812,2623,2728
813,2737,2731
814,2762,2735
815,2667,2737
816,2474,2742
817,2547,2748
818,2819,2750
819,2785,2753
820,2808,2749
821,2773,2746
822,2786,2743
823,2799,2749
824,2877,2754
825,2777,2757
826,2868,2771
827,2816,2788
828,2805,2804
829,2837,2809
830,2775,2822
831,2717,2835
832,2557,2844
833,2753,2852
834,2843,2853
835,2831,2856
836,2948,2862
837,2845,2860
838,2875,2846
839,2929,2844
840,3044,2853
841,3096,2865
842,2959,2877
843,2950,2896
844,2818,2906
845,2948,2911
846,2888,2912
847,2833,2914
848,2518,2924
849,2771,2931
850,3035,2936
851,3014,2934
852,2970,2927
853,2964,2926
854,2962,2913
855,2942,2909
856,2861,2912
857,2987,2915
858,3044,2922
859,3037,2946
860,3024,2958
861,3004,2968
862,2953,2996
863,2941,3023
864,2662,3029
865,2746,3030
866,3004,3029
867,2951,3043
868,2973,3044
869,3030,3037
870,3031,3018
871,3241,3010
872,3605,3017
873,3533,3016
874,3096,3015
875,2965,3031
876,2941,3044
877,3144,3043
878,3019,3040
879,2892,3041
880,2639,3041
881,2858,3039
882,3135,3028
883,2944,2998
884,2921,2971
885,2983,2960
886,3030,2947
887,2980,2940
888,2887,2933
889,2988,2927
890,3029,2928
891,2989,2938
892,3013,2945
893,2988,2937
894,2968,2941
895,2861,2946
896,2694,2943
897,2789,2941
898,2992,2934
899,2900,2937
900,2906,2935
901,2846,2921
902,3006,2897
903,2967,2884
904,3040,2879
905,3018,2870
906,2925,2873
907,2987,2882
908,2836,2890
909,2940,2882
910,2941,2880
911,2745,2881
912,2489,2881
913,2739,2871
914,2879,2866
915,2777,2850
916,2929,2840
917,2880,2828
918,2962,2802
919,2820,2790
920,2857,2782
921,2921,2775
922,2848,2773
923,2809,2786
924,2848,2787
925,2702,2778
926,2808,2776
927,2680,2769
928,2440,2765
929,2593,2754
930,2770,2752
931,2783,2743
932,2706,2734
933,2763,2721
934,2769,2700
935,2685,2685
936,2734,2684
937,2788,2673
938,2781,2672
939,2747,2685
940,2770,2687
941,2669,2680
942,2723,2670
943,2585,2666
944,2373,2663
945,2518,2650
946,2690,2646
947,2582,2636
948,2646,2624
949,2722,2610
950,2631,2584
951,2624,2564
952,2565,2561
953,2638,2546
954,2687,2543
955,2512,2548
956,2586,2549
957,2522,2535
958,2547,2536
959,2478,2536
960,2209,2525
961,2346,2516
962,2603,2507
963,2417,2501
964,2518,2488
965,2484,2473
966,2534,2457
967,2396,2441
968,2601,2437
969,2649,2430
970,2493,2422
971,2441,2426
972,2433,2430
973,2434,2416
974,2376,2410
975,2364,2404
976,2172,2397
977,2247,2385
978,2446,2377
979,2406,2367
980,2294,2350
981,2303,2336
982,2434,2312
983,2303,2296
984,2282,2288
985,2396,2285
986,2352,2277
987,2277,2281
988,2229,2279
989,2384,2255
990,2290,2225
991,2195,2214
992,1950,2214
993,2087,2203
994,2275,2197
995,2304,2193
996,2205,2187
997,2260,2178
998,2190,2160
999,1957,2152
1000,1778,2145
1001,2060,2138
1002,2290,2137
1003,2205,2146
1004,2179,2148
1005,2191,2142
1006,2285,2137
1007,2160,2133
1008,1896,2130
1009,2067,2125
1010,2222,2128
1011,2159,2144
1012,2163,2144
1013,2147,2127
1014,2130,2105
1015,2151,2094
1016,2190,2091
1017,2118,2080
1018,2202,2077
1019,2086,2087
1020,2011,2084
1021,2129,2074
1022,2058,2067
1023,1922,2064
1024,1752,2058
1025,1937,2055
1026,2140,2046
1027,2041,2038
1028,2116,2031
1029,2106,2019
1030,1997,2004
1031,2013,1998
1032,2017,1989
1033,2090,1985
1034,2030,1990
1035,2049,2000
1036,1968,2001
1037,2029,1992
1038,1978,1983
1039,1940,1979
1040,1778,1971
1041,1870,1970
1042,1954,1962
1043,1974,1958
1044,2019,1945
1045,1956,1935
1046,1974,1922
1047,1953,1914
1048,1838,1908
1049,2030,1905
1050,1949,1904
1051,1967,1909
1052,1849,1913
1053,1923,1912
1054,1822,1908
1055,1831,1907
1056,1760,1904
1057,1814,1900
1058,1902,1894
1059,1913,1896
1060,1921,1887
1061,1873,1881
1062,1951,1864
1063,1937,1859
1064,1898,1858
1065,1987,1861
1066,1910,1861
1067,1892,1863
1068,1827,1864
1069,1863,1857
1070,1850,1847
1071,1811,1841
1072,1629,1837
1073,1745,1826
1074,1884,1819
1075,1892,1811
1076,1826,1801
1077,1801,1796
1078,1843,1777
1079,1760,1768
1080,1703,1767
1081,1783,1759
1082,1794,1756
1083,1718,1764
1084,1798,1769
1085,1724,1764
1086,1772,1758
1087,1816,1756
1088,1498,1753
1089,1628,1746
1090,1832,1742
1091,1692,1744
1092,1742,1741
1093,1794,1737
1094,1854,1727
1095,1775,1714
1096,1773,1712
1097,1776,1705
1098,1744,1697
1099,1700,1704
1100,1668,1710
1101,1751,1703
1102,1728,1698
1103,1708,1695
1104,1502,1690
1105,1517,1682
1106,1701,1678
1107,1607,1669
1108,1663,1663
1109,1646,1654
1110,1739,1643
1111,1698,1636
1112,1574,1633
1113,1683,1630
1114,1695,1624
1115,1686,1636
1116,1697,1642
1117,1577,1640
1118,1648,1650
1119,1551,1658
1120,1472,1661
1121,1531,1654
1122,1689,1650
1123,1658,1653
1124,1581,1649
1125,1753,1641
1126,1648,1627
1127,1648,1612
1128,1821,1613
1129,1839,1608
1130,1711,1612
1131,1594,1619
1132,1594,1623
1133,1649,1615
1134,1606,1612
1135,1511,1610
1136,1398,1603
1137,1383,1601
1138,1588,1596
1139,1555,1584
1140,1634,1573
1141,1614,1562
1142,1620,1552
1143,1525,1551
1144,1598,1550
1145,1536,1545
1146,1603,1547
1147,1599,1551
1148,1553,1560
1149,1558,1556
1150,1623,1560
1151,1467,1558
1152,1386,1557
1153,1570,1552
1154,1640,1549
1155,1494,1550
1156,1562,1551
1157,1475,1543
1158,1570,1530
1159,1512,1526
1160,1623,1524
1161,1604,1519
1162,1583,1521
1163,1524,1528
1164,1467,1524
1165,1611,1517
1166,1547,1513
1167,1435,1511
1168,1330,1513
1169,1480,1512
1170,1516,1511
1171,1507,1507
1172,1516,1501
1173,1540,1494
1174,1479,1484
1175,1500,1479
1176,1392,1472
1177,1536,1469
1178,1517,1474
1179,1539,1481
1180,1485,1483
1181,1554,1482
1182,1463,1482
1183,1451,1485
1184,1299,1486
1185,1374,1481
1186,1459,1480
1187,1477,1486
1188,1549,1481
1189,1484,1473
1190,1524,1465
1191,1496,1459
1192,1491,1454
1193,1579,1456
1194,1565,1461
1195,1383,1467
1196,1483,1471
1197,1515,1474
1198,1425,1468
1199,1357,1460
1200,1353,1463
1201,1374,1459
1202,1448,1460
1203,1501,1458
1204,1552,1452
1205,1422,1445
1206,1468,1439
1207,1520,1434
1208,1353,1429
1209,1372,1434
1210,1543,1438
1211,1446,1442
1212,1512,1446
1213,1454,1445
1214,1450,1446
1215,1414,1443
1216,1266,1442
1217,1369,1439
1218,1421,1435
1219,1519,1441
1220,1458,1441
1221,1421,1433
1222,1473,1425
1223,1428,1415
1224,1521,1412
1225,1476,1411
1226,1412,1412
1227,1403,1420
1228,1436,1421
1229,1472,1420
1230,1383,1413
1231,1362,1412
1232,1289,1414
1233,1299,1411
1234,1393,1407
1235,1433,1403
1236,1434,1397
1237,1418,1396
1238,1409,1384
1239,1390,1375
1240,1368,1374
1241,1435,1374
1242,1478,1378
1243,1411,1380
1244,1345,1384
1245,1421,1378
1246,1360,1361
1247,1389,1353
1248,1157,1350
1249,1248,1349
1250,1451,1345
1251,1381,1343
1252,1438,1341
1253,1330,1333
1254,1382,1321
1255,1272,1319
1256,1077,1316
1257,1272,1318
1258,1351,1314
1259,1379,1323
1260,1315,1331
1261,1327,1327
1262,1387,1324
1263,1303,1317
1264,1171,1319
1265,1298,1314
1266,1348,1318
1267,1414,1333
1268,1304,1336
1269,1348,1333
1270,1421,1325
1271,1358,1320
1272,1310,1323
1273,1309,1321
1274,1353,1321
1275,1297,1334
1276,1348,1336
1277,1394,1335
1278,1339,1334
1279,1282,1340
1280,1219,1342
1281,1195,1338
1282,1385,1338
1283,1356,1340
1284,1300,1343
1285,1448,1337
1286,1328,1334
1287,1345,1329
1288,1393,1330
1289,1416,1329
1290,1390,1331
1291,1348,1337
1292,1356,1344
1293,1341,1342
1294,1374,1338
1295,1238,1337
1296,1229,1336
1297,1247,1338
1298,1411,1339
1299,1310,1332
1300,1327,1329
1301,1350,1324
1302,1342,1315
1303,1349,1310
1304,1266,1311
1305,1289,1306
1306,1411,1313
1307,1379,1315
1308,1361,1317
1309,1256,1314
1310,1347,1316
1311,1281,1315
1312,1153,1316
1313,1262,1316
1314,1357,1316
1315,1274,1316
1316,1382,1319
1317,1280,1314
1318,1287,1303
1319,1338,1295
1320,1356,1298
1321,1311,1295
1322,1371,1296
1323,1343,1304
1324,1347,1306
1325,1267,1305
1326,1343,1306
1327,1306,1301
1328,1160,1306
1329,1189,1308
1330,1305,1305
1331,1287,1303
1332,1311,1302
1333,1325,1295
1334,1292,1286
1335,1349,1279
1336,1280,1285
1337,1277,1284
1338,1396,1283
1339,1319,1290
1340,1290,1298
1341,1300,1298
1342,1287,1302
1343,1238,1303
1344,1138,1304
1345,1217,1304
1346,1377,1299
1347,1331,1301
1348,1281,1302
1349,1303,1292
1350,1363,1283
1351,1297,1278
1352,1379,1275
1353,1336,1274
1354,1336,1276
1355,1298,1284
1356,1255,1289
1357,1307,1282
1358,1303,1278
1359,1187,1279
1360,1134,1281
1361,1183,1276
1362,1226,1277
1363,1275,1272
1364,1271,1272
1365,1308,1264
1366,1328,1258
1367,1233,1253
1368,1235,1251
1369,1322,1251
1370,1333,1254
1371,1264,1257
1372,1314,1252
1373,1282,1221
1374,1320,1179
1375,1184,1162
1376,1156,1160
1377,1166,1156
1378,1264,1161
1379,1298,1166
1380,1238,1165
1381,1205,1160
1382,1077,1154
1383,569,1151
1384,405,1151
1385,912,1149
1386,1269,1153
1387,1247,1160
1388,1323,1164
1389,1343,1165
1390,1301,1163
1391,1232,1166
1392,1142,1170
1393,1243,1179
1394,1292,1214
1395,1274,1255
1396,1275,1276
1397,1304,1276
1398,1236,1269
1399,1287,1263
1400,1269,1261
1401,1291,1260
1402,1299,1264
1403,1254,1271
1404,1315,1274
1405,1256,1273
1406,1361,1274
1407,1254,1276
1408,1104,1277
1409,1194,1279
1410,1300,1279
1411,1278,1278
1412,1326,1277
1413,1285,1273
1414,1312,1266
1415,1265,1258
1416,1292,1257
1417,1333,1254
1418,1311,1254
1419,1276,1264
1420,1296,1264
1421,1237,1261
1422,1286,1259
1423,1213,1253
1424,1099,1255
1425,1155,1252
1426,1239,1255
1427,1285,1258
1428,1249,1255
1429,1333,1253
1430,1186,1246
1431,1237,1240
1432,1242,1242
1433,1182,1240
1434,1336,1241
1435,1242,1249
1436,1328,1254
1437,1369,1252
1438,1273,1250
1439,1266,1253
1440,1121,1251
1441,1165,1257
1442,1283,1260
1443,1252,1263
1444,1228,1267
1445,1273,1262
1446,1247,1257
1447,1205,1250
1448,1244,1245
1449,1304,1244
1450,1303,1241
1451,1301,1250
1452,1313,1252
1453,1308,1247
1454,1260,1247
1455,1237,1250
1456,1129,1252
1457,1177,1250
1458,1275,1254
1459,1246,1254
1460,1210,1251
1461,1292,1247
1462,1215,1237
1463,1183,1230
1464,1255,1233
1465,1287,1234
1466,1303,1239
1467,1211,1248
1468,1300,1251
1469,1245,1254
1470,1225,1257
1471,1231,1265
1472,1094,1264
1473,1156,1268
1474,1363,1270
1475,1299,1270
1476,1335,1270
1477,1309,1266
1478,1242,1259
1479,1336,1253
1480,1313,1252
1481,1389,1251
1482,1273,1252
1483,1287,1261
1484,1221,1266
1485,1251,1260
1486,1288,1255
1487,1222,1254
1488,1067,1252
1489,1183,1253
1490,1214,1248
1491,1210,1244
1492,1254,1242
1493,1269,1237
1494,1263,1228
1495,1244,1226
1496,1203,1226
1497,1298,1226
1498,1271,1230
1499,1270,1236
1500,1238,1237
1501,1228,1234
1502,1335,1222
1503,1180,1215
1504,1084,1215
1505,1182,1213
1506,1262,1218
1507,1284,1218
1508,1299,1215
1509,1205,1212
1510,1187,1204
1511,1153,1203
1512,966,1203
1513,1105,1199
1514,1277,1201
1515,1204,1210
1516,1351,1216
1517,1199,1217
1518,1242,1212
1519,1219,1213
1520,1088,1216
1521,1216,1221
1522,1237,1226
1523,1259,1241
1524,1202,1251
1525,1279,1248
1526,1314,1242
1527,1283,1235
1528,1185,1238
1529,1309,1238
1530,1270,1241
1531,1296,1250
1532,1265,1251
1533,1280,1254
1534,1301,1259
1535,1209,1269
1536,1090,1270
1537,1203,1269
1538,1269,1270
1539,1239,1277
1540,1274,1272
1541,1275,1268
1542,1249,1261
1543,1302,1256
1544,1348,1255
1545,1410,1255
1546,1319,1258
1547,1280,1266
1548,1317,1270
1549,1315,1271
1550,1205,1273
1551,1198,1272
1552,1135,1275
1553,1173,1277
1554,1256,1277
1555,1295,1276
1556,1275,1271
1557,1265,1266
1558,1280,1260
1559,1297,1254
1560,1268,1251
1561,1262,1258
1562,1345,1261
1563,1281,1268
1564,1298,1274
1565,1325,1275
1566,1314,1279
1567,1222,1284
1568,1142,1286
1569,1186,1286
1570,1265,1284
1571,1336,1286
1572,1273,1287
1573,1273,1281
1574,1296,1272
1575,1296,1268
1576,1366,1266
1577,1393,1265
1578,1291,1269
1579,1294,1277
1580,1254,1283
1581,1308,1282
1582,1276,1279
1583,1224,1281
1584,1100,1285
1585,1208,1287
1586,1277,1284
1587,1287,1280
1588,1320,1273
1589,1294,1270
1590,1317,1264
1591,1248,1265
1592,1283,1265
1593,1315,1269
1594,1352,1271
1595,1327,1283
1596,1234,1288
1597,1286,1291
1598,1247,1294
1599,1226,1294
1600,1181,1294
1601,1255,1297
1602,1325,1302
1603,1347,1303
1604,1280,1302
1605,1346,1297
1606,1312,1287
1607,1345,1290
1608,1348,1291
1609,1321,1296
1610,1294,1300
1611,1374,1306
1612,1346,1309
1613,1321,1310
1614,1293,1306
1615,1246,1309
1616,1112,1305
1617,1300,1306
1618,1307,1306
1619,1346,1305
1620,1313,1305
1621,1307,1303
1622,1308,1290
1623,1345,1284
1624,1271,1285
1625,1337,1285
1626,1278,1291
1627,1333,1299
1628,1335,1300
1629,1332,1305
1630,1308,1310
1631,1255,1322
1632,1114,1324
1633,1212,1325
1634,1338,1324
1635,1308,1326
1636,1356,1328
1637,1279,1329
1638,1336,1324
1639,1396,1317
1640,1461,1318
1641,1564,1316
1642,1353,1318
1643,1324,1325
1644,1325,1329
1645,1321,1327
1646,1363,1327
1647,1303,1326
1648,1223,1331
1649,1203,1330
1650,1338,1327
1651,1281,1323
1652,1282,1310
1653,1268,1306
1654,1303,1300
1655,1287,1295
1656,1311,1299
1657,1337,1300
1658,1372,1303
1659,1317,1307
1660,1337,1313
1661,1382,1315
1662,1284,1319
1663,1280,1328
1664,1186,1335
1665,1219,1338
1666,1423,1341
1667,1373,1344
1668,1359,1345
1669,1313,1340
1670,1330,1334
1671,1374,1329
1672,1374,1326
1673,1462,1329
1674,1427,1331
1675,1362,1338
1676,1351,1346
1677,1378,1339
1678,1349,1340
1679,1268,1337
1680,1183,1339
1681,1235,1345
1682,1317,1343
1683,1362,1345
1684,1308,1339
1685,1345,1332
1686,1373,1324
1687,1294,1322
1688,1377,1319
1689,1310,1318
1690,1349,1320
1691,1450,1329
1692,1345,1335
1693,1403,1338
1694,1346,1336
1695,1276,1341
1696,1192,1344
1697,1310,1344
1698,1317,1349
1699,1320,1349
1700,1320,1352
1701,1370,1350
1702,1365,1339
1703,1375,1334
1704,1314,1333
1705,1413,1335
1706,1419,1340
1707,1373,1350
1708,1405,1354
1709,1359,1360
1710,1384,1357
1711,1298,1361
1712,1219,1364
1713,1246,1366
1714,1386,1365
1715,1393,1368
1716,1377,1368
1717,1391,1364
1718,1392,1359
1719,1445,1356
1720,1272,1358
1721,1392,1360
1722,1427,1364
1723,1412,1373
1724,1350,1380
1725,1376,1378
1726,1418,1379
1727,1341,1383
1728,1267,1388
1729,1339,1390
1730,1409,1386
1731,1415,1394
1732,1389,1392
1733,1399,1384
1734,1393,1373
1735,1351,1371
1736,1409,1372
1737,1460,1372
1738,1492,1376
1739,1440,1379
1740,1357,1382
1741,1450,1381
1742,1352,1379
1743,1262,1380
1744,1173,1381
1745,1319,1383
1746,1383,1383
1747,1423,1381
1748,1417,1378
1749,1340,1369
1750,1401,1361
1751,1392,1358
1752,1362,1355
1753,1424,1358
1754,1411,1365
1755,1426,1377
1756,1367,1380
1757,1364,1372
1758,1384,1361
1759,1315,1354
1760,1278,1353
1761,1281,1351
1762,1391,1350
1763,1422,1352
1764,1395,1350
1765,1435,1345
1766,1369,1335
1767,1223,1330
1768,1190,1332
1769,1279,1330
1770,1320,1335
1771,1354,1340
1772,1379,1343
1773,1398,1343
1774,1374,1338
1775,1309,1339
1776,1220,1339
1777,1268,1340
1778,1392,1350
1779,1341,1359
1780,1425,1366
1781,1375,1367
1782,1346,1362
1783,1396,1355
1784,1330,1354
1785,1405,1354
1786,1446,1359
1787,1371,1367
1788,1446,1371
1789,1382,1372
1790,1419,1375
1791,1347,1374
1792,1237,1372
1793,1231,1375
1794,1392,1373
1795,1373,1373
1796,1402,1371
1797,1388,1365
1798,1361,1357
1799,1411,1349
1800,1403,1350
1801,1410,1350
1802,1328,1351
1803,1401,1358
1804,1367,1364
1805,1331,1360
1806,1361,1355
1807,1311,1354
1808,1205,1354
1809,1273,1355
1810,1403,1351
1811,1425,1348
1812,1369,1346
1813,1373,1344
1814,1371,1331
1815,1314,1325
1816,1261,1325
1817,1388,1324
1818,1387,1326
1819,1365,1331
1820,1327,1332
1821,1348,1329
1822,1369,1325
1823,1279,1323
1824,1144,1321
1825,1226,1316
1826,1341,1312
1827,1328,1314
1828,1366,1312
1829,1313,1305
1830,1291,1293
1831,1326,1288
1832,1357,1284
1833,1317,1279
1834,1339,1278
1835,1252,1285
1836,1246,1288
1837,1299,1284
1838,1335,1281
1839,1241,1274
1840,1110,1271
1841,1223,1269
1842,1275,1266
1843,1257,1259
1844,1252,1257
1845,1305,1251
1846,1295,1245
1847,1252,1241
1848,1251,1242
1849,1229,1237
1850,1244,1236
1851,1250,1238
1852,1262,1238
1853,1206,1236
1854,1290,1234
1855,1210,1236
1856,1122,1233
1857,1163,1228
1858,1312,1224
1859,1228,1221
1860,1238,1219
1861,1148,1214
1862,1213,1204
1863,1232,1196
1864,1228,1194
1865,1280,1188
1866,1249,1185
1867,1194,1186
1868,1163,1184
1869,1189,1177
1870,1190,1171
1871,1133,1171
1872,1039,1175
1873,1100,1174
1874,1169,1167
1875,1156,1166
1876,1157,1160
1877,1130,1151
1878,1136,1141
1879,1155,1136
1880,1104,1130
1881,1239,1127
1882,1235,1122
1883,1179,1123
1884,1102,1119
1885,1196,1101
1886,1151,1074
1887,1068,1062
1888,981,1062
1889,1061,1061
1890,1067,1058
1891,1126,1055
1892,1026,1047
1893,1058,1037
1894,1016,1022
1895,787,1017
1896,582,1012
1897,911,1009
1898,1135,1013
1899,1118,1016
1900,1095,1015
1901,1023,1011
1902,1087,1006
1903,1008,1009
1904,874,1009
1905,996,1008
1906,1098,1017
1907,1084,1036
1908,1144,1040
1909,1042,1031
1910,1047,1018
1911,989,1007
1912,1006,1005
1913,1109,1001
1914,1039,1000
1915,1008,1005
1916,970,1006
1917,976,998
1918,1010,993
1919,937,987
1920,845,982
1921,866,975
1922,989,972
1923,988,969
1924,987,961
1925,987,952
1926,1009,942
1927,935,934
1928,978,931
1929,1013,926
1930,940,926
1931,907,927
1932,926,927
1933,938,922
1934,947,915
1935,845,911
1936,803,905
1937,805,898
1938,909,893
1939,911,887
1940,929,881
1941,873,874
1942,853,865
1943,893,855
1944,844,850
1945,899,840
1946,862,838
1947,864,841
1948,814,838
1949,861,832
1950,880,827
1951,791,820
1952,722,816
1953,732,811
1954,820,801
1955,736,795
1956,815,785
1957,863,777
1958,727,767
1959,785,759
1960,804,753
1961,792,745
1962,785,742
1963,743,740
1964,695,739
1965,721,732
1966,683,728
1967,684,723
1968,657,717
1969,657,715
1970,733,712
1971,718,704
1972,718,698
1973,677,691
1974,719,683
1975,670,679
1976,651,675
1977,710,673
1978,744,670
1979,678,668
1980,717,668
1981,637,659
1982,681,654
1983,621,649
1984,577,646
1985,621,643
1986,635,639
1987,635,638
1988,626,632
1989,618,624
1990,650,617
1991,550,608
1992,603,605
1993,614,599
1994,628,596
1995,644,594
1996,592,591
1997,617,585
1998,599,583
1999,580,576
2000,518,572
2001,532,566
2002,568,564
2003,552,558
2004,558,554
2005,544,546
2006,566,537
2007,506,530
2008,581,526
2009,492,521
2010,525,519
2011,524,519
2012,507,517
2013,483,511
2014,532,502
2015,465,496
2016,444,494
2017,453,491
2018,523,487
2019,501,482
2020,534,481
2021,513,477
2022,494,470
2023,438,467
2024,361,464
2025,434,459
2026,516,458
2027,492,456
2028,435,456
2029,467,453
2030,475,450
2031,429,444
2032,390,443
2033,433,439
2034,428,437
2035,421,439
2036,437,438
2037,421,431
2038,448,423
2039,458,421
2040,433,418
2041,408,413
2042,491,411
2043,424,411
2044,383,409
2045,402,407
2046,423,405
2047,361,401
2048,330,399
2049,386,395
2050,406,390
2051,377,385
2052,390,382
2053,387,376
2054,389,370
2055,375,367
2056,384,365
2057,361,361
2058,375,360
2059,368,362
2060,349,359
2061,325,355
2062,348,352
2063,353,350
2064,312,348
2065,308,347
2066,365,345
2067,334,341
2068,355,339
2069,362,334
2070,327,330
2071,313,327
2072,324,326
2073,348,322
2074,347,320
2075,358,321
2076,343,320
2077,291,315
2078,320,313
2079,273,311
2080,282,307
2081,296,305
2082,304,303
2083,264,300
2084,313,295
2085,316,294
2086,298,290
2087,263,286
2088,290,284
2089,308,282
2090,276,281
2091,288,281
2092,268,280
2093,255,277
2094,257,276
2095,325,274
2096,269,272
2097,250,272
2098,258,272
2099,276,270
2100,253,268
2101,291,266
2102,259,264
2103,252,261
2104,239,262
2105,274,261
2106,280,258
2107,286,257
2108,275,256
2109,240,255
2110,260,253
2111,248,254
2112,238,250
2113,213,248
2114,275,248
2115,236,247
2116,252,246
2117,253,241
2118,228,237
2119,229,234
2120,248,234
2121,263,232
2122,211,230
2123,224,230
2124,242,230
2125,230,228
2126,238,226
2127,180,225
2128,198,223
2129,227,222
2130,221,220
2131,235,219
2132,203,217
2133,241,215
2134,216,213
2135,228,211
2136,199,209
2137,216,208
2138,214,209
2139,213,209
2140,191,209
2141,214,208
2142,229,209
2143,176,210
2144,177,209
2145,192,208
2146,187,207
2147,212,207
2148,214,206
2149,190,204
2150,233,202
2151,207,201
2152,238,200
2153,238,198
2154,208,198
2155,200,198
2156,208,199
2157,208,198
2158,189,197
2159,173,195
2160,168,195
2161,172,193
2162,197,191
2163,178,188
2164,186,184
2165,176,183
2166,201,181
2167,167,178
2168,186,177
2169,190,176
2170,189,177
2171,176,177
2172,165,177
2173,173,177
2174,162,177
2175,182,177
2176,161,178
2177,156,177
2178,170,176
2179,177,176
2180,191,175
2181,181,174
2182,170,173
2183,183,173
2184,194,172
2185,186,172
2186,187,171
2187,175,171
2188,162,172
2189,167,172
2190,179,171
2191,169,170
2192,150,169
2193,171,168
2194,156,168
2195,159,167
2196,164,166
2197,161,164
2198,177,162
2199,155,162
2200,158,162
2201,168,162
2202,170,161
2203,151,162
2204,172,162
2205,187,162
2206,148,162
2207,149,162
2208,148,162
2209,157,161
2210,157,160
2211,191,160
2212,138,159
2213,180,158
2214,160,158
2215,161,155
2216,151,153
2217,169,152
2218,173,153
2219,150,153
2220,137,153
2221,160,152
2222,147,149
2223,145,151
2224,139,149
2225,117,148
2226,138,148
2227,142,148
2228,161,147
2229,147,146
2230,150,146
2231,149,145
2232,135,144
2233,160,146
2234,145,146
2235,150,146
2236,162,148
2237,140,147
2238,157,148
2239,145,147
2240,146,148
2241,117,148
2242,152,149
2243,169,150
2244,163,151
2245,132,151
2246,151,151
2247,131,150
2248,165,151
2249,138,151
2250,160,150
2251,156,150
2252,172,151
2253,155,151
2254,178,150
2255,146,151
2256,153,153
2257,142,152
2258,154,154
2259,148,153
2260,132,154
2261,139,153
2262,139,152
2263,167,150
2264,147,151
2265,172,150
2266,175,151
2267,140,151
2268,161,152
2269,156,150
2270,146,150
2271,146,150
2272,135,151
2273,134,151
2274,171,151
2275,160,152
2276,155,150
2277,163,148
2278,158,148
2279,125,148
2280,131,148
2281,142,149
2282,153,150
2283,150,152
2284,162,154
2285,160,153
2286,139,152
2287,141,153
2288,135,155
2289,158,154
2290,157,156
2291,160,157
2292,178,158
2293,173,157
2294,177,157
2295,152,156
2296,141,155
2297,161,156
2298,207,157
2299,149,158
2300,161,157
2301,149,157
2302,158,158
2303,141,158
2304,146,158
2305,141,159
2306,138,161
2307,158,162
2308,167,162
2309,157,161
2310,137,162
2311,156,162
2312,189,165
2313,177,166
2314,159,167
2315,200,168
2316,194,171
2317,166,172
2318,164,174
2319,184,175
2320,171,178
2321,161,182
2322,207,184
2323,177,184
2324,160,183
2325,181,185
2326,197,184
2327,153,184
2328,207,186
2329,192,188
2330,218,188
2331,213,189
2332,201,191
2333,183,190
2334,173,191
2335,195,193
2336,186,196
2337,186,196
2338,207,199
2339,196,201
2340,201,203
2341,186,202
2342,201,201
2343,183,200
2344,210,202
2345,203,205
2346,233,206
2347,205,209
2348,220,209
2349,239,210
2350,224,211
2351,209,213
2352,181,217
2353,186,220
2354,229,224
2355,228,225
2356,232,228
2357,232,227
2358,196,228
2359,231,229
2360,213,230
2361,241,232
2362,265,235
2363,278,239
2364,252,243
2365,245,245
2366,250,246
2367,226,249
2368,229,251
2369,233,254
2370,257,256
2371,279,260
2372,266,262
2373,267,262
2374,261,261
2375,267,263
2376,261,265
2377,282,267
2378,274,271
2379,259,274
2380,278,278
2381,308,282
2382,285,283
2383,262,286
2384,258,290
2385,286,293
2386,289,296
2387,291,300
2388,315,304
2389,290,307
2390,319,309
2391,335,310
2392,306,313
2393,327,316
2394,353,320
2395,328,324
2396,319,322
2397,355,313
2398,354,304
2399,334,303
2400,298,309
2401,308,311
2402,369,314
2403,360,320
2404,345,322
2405,326,323
2406,256,325
2407,103,329
2408,96,330
2409,289,334
2410,421,337
2411,369,342
2412,391,346
2413,428,349
2414,379,350
2415,375,355
2416,360,362
2417,396,372
2418,391,389
2419,429,406
2420,400,415
2421,406,416
2422,396,419
2423,414,423
2424,393,425
2425,449,430
2426,480,437
2427,467,444
2428,450,448
2429,459,455
2430,473,460
2431,447,469
2432,416,477
2433,477,483
2434,474,490
2435,486,497
2436,526,502
2437,514,504
2438,469,505
2439,547,508
2440,536,514
2441,586,519
2442,568,526
2443,515,534
2444,567,542
2445,545,547
2446,556,552
2447,512,556
2448,500,562
2449,497,569
2450,590,571
2451,589,575
2452,591,577
2453,577,579
2454,647,581
2455,585,583
2456,588,590
2457,614,594
2458,639,601
2459,611,608
2460,593,617
2461,605,620
2462,629,626
2463,626,631
2464,552,637
2465,616,640
2466,687,647
2467,635,653
2468,651,660
2469,646,664
2470,689,665
2471,662,670
2472,720,675
2473,683,683
2474,708,687
2475,713,700
2476,739,710
2477,703,712
2478,766,716
2479,724,723
2480,631,734
2481,699,738
2482,711,745
2483,785,750
2484,726,755
2485,812,759
2486,840,760
2487,709,761
2488,731,768
2489,789,772
2490,881,779
2491,779,792
2492,814,801
2493,820,810
2494,785,815
2495,798,826
2496,735,830
2497,747,831
2498,851,841
2499,859,848
2500,865,853
2501,905,851
2502,880,852
2503,905,853
2504,902,860
2505,944,869
2506,911,877
2507,855,887
2508,913,896
2509,875,900
2510,898,904
2511,834,911
2512,800,916
2513,831,921
2514,967,924
2515,991,931
2516,955,934
2517,952,938
2518,928,940
2519,946,941
2520,938,948
2521,1009,954
2522,1003,962
2523,987,976
2524,975,988
2525,1042,988
2526,1008,981
2527,991,982
2528,916,987
2529,918,991
2530,1026,994
2531,1017,1000
2532,1011,1003
2533,1102,1005
2534,1077,1003
2535,972,1006
2536,835,1007
2537,976,1011
2538,1059,1016
2539,1019,1025
2540,1009,1035
2541,1050,1036
2542,1089,1039
2543,1038,1046
2544,952,1050
2545,1036,1053
2546,1053,1061
2547,1097,1077
2548,1096,1081
2549,1097,1084
2550,1142,1080
2551,1048,1082
2552,1064,1088
2553,1165,1090
2554,1177,1095
2555,1149,1105
2556,1135,1113
2557,1177,1119
2558,1065,1125
2559,1106,1129
2560,935,1134
2561,1064,1135
2562,1169,1140
2563,1128,1145
2564,1157,1146
2565,1148,1145
2566,1207,1140
2567,1177,1139
2568,1225,1139
2569,1182,1145
2570,1202,1146
2571,1170,1157
2572,1146,1160
2573,1181,1158
2574,1184,1158
2575,1140,1161
2576,1045,1165
2577,1122,1164
2578,1171,1168
2579,1188,1169
2580,1139,1165
2581,1166,1159
2582,1115,1155
2583,1142,1152
2584,1127,1151
2585,1208,1151
2586,1233,1155
2587,1197,1161
2588,1250,1165
2589,1244,1166
2590,1101,1165
2591,1083,1169
2592,1090,1171
2593,1074,1175
2594,1154,1179
2595,1198,1182
2596,1208,1181
2597,1182,1179
2598,1206,1170
2599,1194,1162
2600,1174,1160
2601,1214,1165
2602,1200,1167
2603,1214,1171
2604,1208,1174
2605,1193,1173
2606,1197,1170
2607,1178,1173
2608,1024,1174
2609,1075,1171
2610,1208,1170
2611,1195,1169
2612,1137,1167
2613,1161,1163
2614,1154,1154
2615,1129,1146
2616,1125,1147
2617,1265,1144
2618,1215,1143
2619,1148,1147
2620,1170,1148
2621,1155,1144
2622,1160,1142
2623,1118,1143
2624,1024,1143
2625,1041,1146
2626,1208,1143
2627,1141,1145
2628,1151,1140
2629,1108,1134
2630,1107,1128
2631,1127,1120
2632,1142,1119
2633,1155,1113
2634,1178,1111
2635,1207,1115
2636,1067,1119
2637,1174,1111
2638,1151,1107
2639,1092,1106
2640,1027,1107
2641,990,1104
2642,1133,1103
2643,1050,1097
2644,1064,1089
2645,1108,1081
2646,1137,1070
2647,1038,1069
2648,1052,1064
2649,1132,1062
2650,1118,1059
2651,1059,1061
2652,1093,1061
2653,1030,1057
2654,982,1060
2655,1004,1065
2656,986,1067
2657,1034,1059
2658,1075,1057
2659,1108,1055
2660,1037,1049
2661,1067,1040
2662,982,1030
2663,1047,1022
2664,1127,1020
2665,1164,1017
2666,1137,1014
2667,976,1013
2668,1006,1008
2669,992,1000
2670,1006,989
2671,941,985
2672,856,979
2673,920,976
2674,978,970
2675,932,962
2676,940,948
2677,949,933
2678,941,925
2679,895,920
2680,882,916
2681,949,911
2682,957,907
2683,918,906
2684,922,903
2685,946,896
2686,885,895
2687,817,895
2688,813,891
2689,882,885
2690,908,881
2691,903,876
2692,860,870
2693,842,861
2694,856,850
2695,824,840
2696,908,835
2697,951,830
2698,854,830
2699,825,827
2700,815,823
2701,773,814
2702,814,805
2703,766,802
2704,699,798
2705,713,792
2706,829,789
2707,795,778
2708,804,767
2709,756,757
2710,806,747
2711,712,740
2712,720,736
2713,786,732
2714,770,727
2715,727,725
2716,747,722
2717,690,712
2718,713,705
2719,651,699
2720,605,697
2721,674,688
2722,694,682
2723,732,677
2724,662,669
2725,640,662
2726,649,652
2727,632,643
2728,635,637
2729,697,629
2730,705,624
2731,610,622
2732,593,615
2733,619,608
2734,618,599
2735,611,595
2736,518,592
2737,573,586
2738,554,580
2739,537,573
2740,547,564
2741,571,554
2742,536,547
2743,529,539
2744,555,533
2745,568,527
2746,577,522
2747,524,519
2748,511,513
2749,486,508
2750,508,505
2751,497,502
2752,461,498
2753,437,494
2754,490,490
2755,495,483
2756,491,475
2757,456,467
2758,443,459
2759,451,455
2760,485,451
2761,491,447
2762,472,443
2763,447,438
2764,447,437
2765,420,430
2766,405,424
2767,407,418
2768,357,413
2769,419,411
2770,401,407
2771,426,400
2772,411,394
2773,364,386
2774,406,379
2775,346,373
2776,361,368
2777,372,362
2778,359,358
2779,386,356
2780,365,350
2781,354,343
2782,349,335
2783,318,327
2784,301,324
2785,307,316
2786,314,314
2787,288,311
2788,331,307
2789,310,303
2790,292,296
2791,256,291
2792,251,287
2793,249,283
2794,297,280
2795,248,277
2796,289,273
2797,301,270
2798,293,267
2799,272,263
2800,240,259
2801,251,256
2802,278,253
2803,261,252
2804,256,251
2805,233,245
2806,240,242
2807,234,238
2808,232,234
2809,251,232
2810,232,229
2811,224,227
2812,199,223
2813,230,220
2814,213,217
2815,187,213
2816,179,211
2817,199,209
2818,218,206
2819,245,205
2820,215,200
2821,200,197
2822,177,193
2823,198,191
2824,208,187
2825,179,184
2826,186,183
2827,196,182
2828,169,180
2829,203,177
2830,154,173
2831,161,170
2832,152,167
2833,150,166
2834,145,163
2835,154,159
2836,162,156
2837,165,153
2838,150,149
2839,161,147
2840,149,144
2841,156,142
2842,147,140
2843,141,138
2844,137,137
2845,133,135
2846,115,133
2847,115,131
2848,129,128
2849,116,126
2850,136,123
2851,126,121
2852,108,118
2853,115,115
2854,123,112
2855,107,110
2856,115,108
2857,108,108
2858,113,107
2859,105,106
2860,105,105
2861,97,103
2862,101,101
2863,79,100
2864,86,99
2865,96,97
2866,93,96
2867,96,95
2868,106,94
2869,102,92
2870,98,90
2871,93,89
2872,82,88
2873,100,87
2874,93,87
2875,73,87
2876,83,86
2877,87,86
2878,89,86
2879,81,84
2880,68,82
2881,76,80
2882,68,79
2883,93,78
2884,80,77
2885,84,76
2886,80,74
2887,91,73
2888,81,72
2889,71,70
2890,61,69
2891,59,69
2892,69,67
2893,69,66
2894,72,64
2895,62,64
2896,46,63
2897,58,61
2898,58,59
2899,63,57
2900,59,55
2901,52,54
2902,47,53
2903,48,51
2904,52,50
2905,62,49
2906,68,48
2907,42,47
2908,43,47
2909,43,46
2910,40,45
2911,40,43
2912,32,43
2913,34,43
2914,32,42
2915,48,41
2916,49,39
2917,37,38
2918,42,37
2919,36,37
2920,39,37
2921,32,36
2922,47,36
2923,46,36
2924,25,35
2925,29,35
2926,35,34
2927,42,34
2928,20,34
2929,33,33
2930,41,33
2931,29,33
2932,33,33
2933,31,32
2934,25,31
2935,22,31
2936,35,31
2937,36,31
2938,36,30
2939,35,30
2940,38,30
2941,34,29
2942,31,29
2943,21,28
2944,24,28
2945,35,28
2946,26,28
2947,25,27
2948,30,27
2949,28,26
2950,22,25
2951,26,24
2952,19,23
2953,24,22
2954,25,22
2955,19,22
2956,22,21
2957,24,21
2958,29,21
2959,12,21
2960,17,21
2961,11,21
2962,23,20
2963,20,20
2964,15,19
2965,19,19
2966,21,19
2967,21,19
2968,27,19
2969,18,18
2970,28,18
2971,25,18
2972,10,18
2973,17,18
2974,16,18
2975,17,18
2976,21,17
2977,14,17
2978,21,17
2979,16,16
2980,16,16
2981,13,15
2982,20,15
2983,13,15
2984,17,14
2985,15,14
2986,10,14
2987,19,14
2988,16,14
2989,9,14
2990,12,14
2991,14,14
2992,9,14
2993,11,14
2994,14,14
2995,9,14
2996,12,13
2997,22,14
2998,16,14
2999,26,13
3000,13,13
3001,15,13
3002,15,13
3003,7,13
3004,19,13
3005,11,13
3006,14,13
3007,12,13
3008,18,13
3009,9,12
3010,10,11
3011,14,11
3012,14,11
3013,9,11
3014,8,11
3015,14,11
3016,13,11
3017,4,10
3018,12,10
3019,9,10
3020,8,10
3021,14,10
3022,11,10
3023,11,9
3024,12,10
3025,8,10
3026,11,9
3027,8,9
3028,10,10
3029,11,10
3030,6,9
3031,10,9
3032,11,9
3033,6,9
3034,15,9
3035,9,9
3036,7,9
3037,16,9
3038,14,9
3039,5,9
3040,6,8
3041,7,8
3042,13,8
3043,11,8
3044,4,8
3045,9,8
3046,9,8
3047,7,8
3048,4,8
3049,9,8
3050,9,8
3051,5,8
3052,5,8
3053,11,8
3054,13,8
3055,8,8
3056,6,8
3057,8,8
3058,12,8
3059,8,9
3060,5,9
3061,9,9
3062,9,9
3063,11,9
3064,8,8
3065,17,8
3066,12,8
3067,7,8
3068,6,8
3069,14,8
3070,12,8
3071,4,8
3072,4,8
3073,5,8
3074,10,8
3075,10,8
3076,7,8
3077,9,8
3078,3,7
3079,9,7
3080,9,7
3081,12,7
3082,5,7
3083,8,7
3084,8,8
3085,8,8
3086,7,7
3087,11,7
3088,3,7
3089,7,7
3090,11,7
3091,6,7
3092,7,7
3093,9,7
3094,10,7
3095,9,7
3096,4,7
3097,6,7
3098,8,6
3099,7,7
3100,6,7
3101,5,7
3102,4,7
3103,12,7
3104,2,7
3105,9,7
3106,6,7
3107,6,7
3108,9,7
3109,8,7
3110,11,7
3111,10,7
3112,9,7
3113,12,7
3114,2,7
3115,7,7
3116,7,6
3117,6,6
3118,5,6
3119,7,6
3120,6,6
3121,10,6
3122,5,6
3123,7,6
3124,3,6
3125,5,6
3126,4,6
3127,7,6
3128,4,6
3129,10,6
3130,9,6
3131,9,6
3132,9,5
3133,4,5
3134,3,5
3135,5,6
3136,6,5
3137,6,5
3138,8,5
3139,3,6
3140,8,5
3141,5,5
3142,3,5
3143,4,5
3144,5,5
3145,9,5
3146,3,5
3147,5,5
3148,6,5
3149,6,5
3150,7,5
3151,7,5
3152,4,5
3153,4,5
3154,5,5
3155,9,5
3156,3,5
3157,8,5
3158,8,5
3159,2,5
3160,4,5
3161,8,5
3162,7,5
3163,8,5
3164,5,5
3165,6,6
3166,7,5
3167,4,5
3168,4,5
3169,5,5
3170,8,5
3171,7,5
3172,5,5
3173,5,5
3174,5,5
3175,8,5
3176,3,5
3177,6,5
3178,8,5
3179,3,5
3180,6,5
3181,6,5
3182,4,5
3183,10,5
3184,5,5
3185,4,6
3186,7,6
3187,7,6
3188,8,6
3189,2,6
3190,6,5
3191,7,5
3192,8,5
3193,3,5
3194,7,5
3195,9,5
3196,9,5
3197,5,5
3198,5,5
3199,5,5
3200,2,5
3201,5,5
3202,6,5
3203,3,5
3204,7,5
3205,3,4
3206,6,4
3207,4,4
3208,8,4
3209,6,4
3210,5,4
3211,3,4
3212,2,4
3213,3,4
3214,3,4
3215,5,4
3216,4,4
3217,7,4
3218,1,4
3219,3,4
3220,7,4
3221,5,4
3222,6,4
3223,3,4
3224,3,4
3225,5,4
3226,5,4
3227,3,4
3228,2,4
3229,4,4
3230,8,4
3231,3,4
3232,5,4
3233,5,3
3234,8,4
3235,5,3
3236,1,3
3237,2,3
3238,4,3
3239,1,4
3240,3,4
3241,5,3
3242,3,3
3243,4,3
3244,5,3
3245,2,3
3246,4,3
3247,5,3
3248,2,4
3249,5,3
3250,4,4
3251,6,4
3252,4,4
3253,5,4
3254,5,4
3255,2,4
3256,5,4
3257,6,4
3258,6,4
3259,1,4
3260,6,4
3261,3,4
3262,2,4
3263,5,4
3264,1,4
3265,5,4
3266,5,4
3267,7,4
3268,8,4
3269,5,4
3270,2,4
3271,6,4
3272,5,4
3273,3,4
3274,5,4
3275,3,4
3276,7,4
3277,5,4
3278,5,4
3279,4,4
3280,1,4
3281,5,3
3282,1,3
3283,2,3
3284,4,3
3285,5,3
3286,9,3
3287,1,3
3288,4,3
3289,3,3
3290,4,3
3291,1,3
3292,2,3
3293,1,3
3294,4,3
3295,1,3
3296,7,3
3297,5,3
3298,2,3
3299,2,3
3300,4,3
3301,4,3
3302,4,3
3303,3,3
3304,5,3
3305,4,3
3306,2,3
3307,3,3
3308,0,3
3309,4,3
3310,3,3
3311,3,3
3312,3,3
3313,4,3
3314,1,3
3315,8,3
3316,5,3
3317,4,3
3318,6,3
3319,4,4
3320,4,3
3321,5,4
3322,5,4
3323,3,4
3324,3,4
3325,3,4
3326,2,4
3327,7,4
3328,2,4
3329,5,4
3330,2,3
3331,6,3
3332,3,3
3333,3,3
3334,5,3
3335,4,3
3336,5,3
3337,4,3
3338,4,3
3339,5,3
3340,2,3
3341,3,3
3342,2,3
3343,2,3
3344,1,3
3345,6,3
3346,4,3
3347,5,3
3348,3,3
3349,3,3
3350,3,3
3351,5,3
3352,5,3
3353,8,3
3354,2,3
3355,2,3
3356,3,3
3357,4,3
3358,3,3
3359,5,3
3360,1,3
3361,3,3
3362,4,3
3363,1,3
3364,4,3
3365,4,3
3366,4,3
3367,1,3
3368,1,3
3369,1,3
3370,6,3
3371,6,3
3372,3,3
3373,3,3
3374,3,3
3375,3,3
3376,4,3
3377,0,3
3378,5,3
3379,5,3
3380,1,4
3381,4,3
3382,3,3
3383,6,3
3384,3,3
3385,7,3
3386,6,3
3387,3,3
3388,2,4
3389,3,3
3390,9,3
3391,3,3
3392,3,3
3393,7,3
3394,2,3
3395,2,3
3396,3,3
3397,2,3
3398,5,3
3399,3,3
3400,2,3
3401,3,2
3402,2,2
3403,2,2
3404,3,2
3405,3,2
3406,1,2
3407,3,2
3408,1,2
3409,4,2
3410,2,2
3411,3,2
3412,2,2
3413,4,2
3414,1,2
3415,3,2
3416,4,2
3417,2,2
3418,3,2
3419,4,2
3420,1,2
3421,4,3
3422,3,3
3423,3,3
3424,3,3
3425,3,3
3426,4,3
3427,3,3
3428,3,3
3429,3,3
3430,3,2
3431,4,2
3432,3,2
3433,2,2
3434,4,2
3435,3,2
3436,3,2
3437,5,2
3438,0,2
3439,2,2
3440,0,2
3441,2,2
3442,4,2
3443,1,2
3444,2,2
3445,3,2
3446,2,2
3447,2,2
3448,2,2
3449,1,2
3450,3,2
3451,4,2
3452,1,2
3453,4,2
3454,4,2
3455,4,2
3456,3,2
3457,7,2
3458,1,2
3459,1,2
3460,2,2
3461,2,2
3462,1,2
3463,1,2
3464,2,2
3465,6,2
3466,4,2
3467,0,2
3468,4,2
3469,2,2
3470,3,2
3471,0,2
3472,4,2
3473,2,2
3474,1,2
3475,3,2
3476,3,2
3477,2,2
3478,1,2
3479,1,1
3480,4,1
3481,1,2
3482,1,2
3483,3,2
3484,1,2
3485,1,2
3486,2,2
3487,3,2
3488,2,2
3489,1,2
3490,1,2
3491,5,2
3492,2,2
3493,5,2
3494,4,2
3495,1,2
3496,2,2
3497,2,2
3498,3,2
3499,1,2
3500,2,2
3501,3,2
3502,2,2
3503,1,2
3504,1,2
3505,3,2
3506,3,2
3507,2,2
3508,2,2
3509,0,1
3510,0,1
3511,4,1
3512,3,1
3513,2,1
3514,4,1
3515,1,1
3516,1,1
3517,2,1
3518,2,1
3519,1,1
3520,2,2
3521,1,2
3522,2,2
3523,1,2
3524,1,2
3525,2,2
3526,2,2
3527,3,2
3528,2,2
3529,5,2
3530,2,2
3531,3,2
3532,4,2
3533,1,2
3534,4,2
3535,1,2
3536,0,2
3537,1,2
3538,3,2
3539,3,2
3540,3,2
3541,0,2
3542,3,2
3543,2,2
3544,2,2
3545,3,2
3546,4,2
3547,1,2
3548,7,2
3549,2,2
3550,4,2
3551,4,2
3552,0,2
3553,2,2
3554,3,2
3555,2,2
3556,0,2
3557,3,2
3558,2,2
3559,4,2
3560,2,2
3561,3,2
3562,0,1
3563,2,2
3564,3,1
3565,2,1
3566,4,1
3567,2,1
3568,2,1
3569,1,1
3570,2,1
3571,1,1
3572,1,1
3573,1,1
3574,0,1
3575,0,1
3576,1,1
3577,1,1
3578,2,1
3579,2,1
3580,5,1
3581,1,1
3582,4,1
3583,2,1
3584,4,1
3585,2,2
3586,2,2
3587,2,2
3588,2,2
3589,2,2
3590,2,2
3591,2,2
3592,2,1
3593,2,1
3594,0,2
3595,3,2
3596,3,2
3597,3,2
3598,0,1
3599,2,1
3600,2,1
3601,0,1
3602,0,1
3603,3,1
3604,5,1
3605,3,1
3606,4,1
3607,0,1
3608,0,1
3609,1,1
3610,1,1
3611,2,1
3612,3,1
3613,2,1
3614,1,1
3615,1,1
3616,0,1
3617,0,1
3618,6,1
3619,1,1
3620,2,1
3621,1,1
3622,1,1
3623,2,1
3624,0,1
3625,4,1
3626,0,1
3627,1,1
3628,1,1
3629,2,1
3630,1,1
3631,1,1
3632,0,1
3633,1,1
3634,0,1
3635,2,1
3636,4,1
3637,1,1
3638,1,1
3639,1,1
3640,0,1
3641,3,1
3642,1,1
3643,2,1
3644,1,1
3645,0,1
3646,4,1
3647,2,1
3648,1,1
3649,3,1
3650,4,1
3651,2,1
3652,2,1
3653,2,1
3654,1,1
3655,1,1
3656,2,1
3657,1,1
3658,3,1
3659,1,1
3660,1,1
3661,2,1
3662,2,1
3663,1,1
3664,0,1
3665,1,1
3666,2,1
3667,1,1
3668,2,1
3669,2,1
3670,5,1
3671,3,1
3672,0,1
3673,0,1
3674,1,1
3675,0,1
3676,0,1
3677,2,1
3678,1,1
3679,1,1
3680,5,1
3681,1,1
3682,3,1
3683,3,1
3684,3,1
3685,0,1
3686,2,1
3687,3,1
3688,3,1
3689,1,1
3690,1,1
3691,1,1
3692,2,1
3693,0,1
3694,3,1
3695,2,1
3696,1,1
3697,3,1
3698,1,1
3699,0,1
3700,3,1
3701,0,1
3702,3,1
3703,2,1
3704,3,1
3705,2,1
3706,3,1
3707,1,1
3708,1,1
3709,1,1
3710,3,2
3711,3,1
3712,2,2
3713,1,2
3714,1,2
3715,2,2
3716,1,2
3717,1,2
3718,3,2
3719,4,2
3720,2,2
3721,2,2
3722,2,2
3723,2,2
3724,4,2
3725,1,2
3726,5,2
3727,2,2
3728,1,2
3729,2,2
3730,1,2
3731,1,2
3732,2,2
3733,5,2
3734,2,2
3735,3,2
3736,2,2
3737,0,2
3738,0,2
3739,5,2
3740,2,2
3741,2,2
3742,1,2
3743,2,2
3744,2,2
3745,2,2
3746,7,2
3747,2,2
3748,4,2
3749,3,2
3750,3,2
3751,5,2
3752,0,2
3753,1,2
3754,4,2
3755,2,2
3756,2,2
3757,3,2
3758,2,2
3759,3,2
3760,1,2
3761,3,2
3762,2,2
3763,1,2
3764,3,2
3765,4,2
3766,4,2
3767,2,2
3768,2,2
3769,3,2
3770,2,2
3771,2,2
3772,3,2
3773,5,2
3774,1,2
3775,2,2
3776,4,2
3777,0,2
3778,4,2
3779,0,2
3780,0,2
3781,3,2
3782,3,2
3783,2,2
3784,3,2
3785,2,2
3786,2,2
3787,2,2
3788,4,2
3789,5,2
3790,3,2
3791,1,2
3792,1,2
3793,2,2
3794,2,2
3795,2,2
3796,1,2
3797,9,2
3798,1,3
3799,5,3
3800,3,2
3801,3,2
3802,6,2
3803,1,2
3804,3,2
3805,1,2
3806,2,2
3807,5,2
3808,5,2
3809,3,2
3810,1,2
3811,0,2
3812,3,2
3813,2,2
3814,2,2
3815,2,2
3816,1,2
3817,0,2
3818,1,2
3819,0,1
3820,4,1
3821,2,1
3822,2,2
3823,3,2
3824,3,2
3825,1,1
3826,4,1
3827,2,1
3828,1,2
3829,0,2
3830,4,2
3831,4,1
3832,2,1
3833,2,1
3834,2,1
3835,0,1
3836,1,1
3837,2,1
3838,3,1
3839,0,2
3840,1,2
3841,1,2
3842,2,2
3843,0,1
3844,1,1
3845,2,1
3846,5,1
3847,5,2
3848,2,2
3849,4,2
3850,2,2
3851,2,2
3852,3,2
3853,1,2
3854,0,2
3855,1,2
3856,1,2
3857,5,2
3858,4,2
3859,1,2
3860,3,2
3861,3,2
3862,0,2
3863,4,2
3864,2,2
3865,2,2
3866,1,2
3867,2,2
3868,5,2
3869,2,2
3870,3,1
3871,3,1
3872,0,1
3873,2,2
3874,0,2
3875,1,2
3876,2,2
3877,2,2
3878,2,2
3879,2,2
3880,0,2
3881,0,2
3882,3,2
3883,4,2
3884,4,2
3885,3,2
3886,5,2
3887,1,2
3888,1,2
3889,5,2
3890,2,2
3891,3,2
3892,1,2
3893,0,2
3894,1,2
3895,3,1
3896,2,1
3897,2,1
3898,2,1
3899,5,1
3900,0,1
3901,1,1
3902,0,1
3903,1,1
3904,1,2
3905,1,2
3906,3,1
3907,3,1
3908,1,1
3909,0,1
3910,0,1
3911,3,1
3912,3,1
3913,5,1
3914,5,1
3915,2,1
3916,0,1
3917,2,1
3918,1,1
3919,2,1
3920,1,1
3921,0,1
3922,2,1
3923,0,1
3924,1,1
3925,2,1
3926,1,1
3927,0,1
3928,3,1
3929,1,1
3930,2,1
3931,1,1
3932,1,1
3933,2,1
3934,1,1
3935,2,1
3936,0,2
3937,0,2
3938,2,2
3939,0,1
3940,1,1
3941,1,1
3942,1,1
3943,6,1
3944,7,1
3945,6,1
3946,4,1
3947,1,1
3948,1,1
3949,0,1
3950,0,1
3951,0,1
3952,0,1
3953,0,1
3954,0,1
3955,0,0
3956,2,0
3957,0,0
3958,0,0
3959,0,0
3960,0,0
3961,0,0
3962,0,0
3963,0,0
3964,0,0
3965,0,0
3966,0,0
3967,0,0
3968,0,0
3969,0,0
3970,0,0
3971,0,0
3972,0,0
3973,0,0
3974,0,0
3975,0,0
3976,0,0
3977,0,0
3978,0,0
3979,0,0
3980,0,0
3981,0,0
3982,0,0
3983,0,0
3984,0,0
3985,0,0
3986,0,0
3987,0,0
3988,0,0
3989,0,0
3990,0,0
3991,0,0
3992,0,0
3993,0,0
3994,0,0
3995,0,0
3996,0,0
3997,0,0
3998,0,0
3999,0,0
4000,0,0
4001,0,0
4002,0,0
4003,0,0
4004,0,0
4005,0,0
4006,0,0
4007,0,0
4008,0,0
4009,0,0
4010,0,0
4011,0,0
4012,0,0
4013,0,0
4014,0,0
4015,0,0
4016,0,0
4017,0,0
4018,0,0
4019,0,0
4020,0,0
4021,0,0
4022,0,0
4023,0,0
4024,0,0
4025,0,0
4026,0,0
4027,0,0
4028,0,0
4029,0,0
4030,0,0
4031,0,0
4032,0,0
4033,0,0
4034,0,0
4035,0,0
4036,0,0
4037,0,0
4038,0,0
4039,0,0
4040,0,0
4041,0,0
4042,0,0
4043,0,0
4044,0,0
4045,0,0
4046,0,0
4047,0,0
4048,0,0
4049,0,0
4050,0,0
4051,0,0
4052,0,0
4053,0,0
4054,0,0
4055,0,0
4056,0,0
4057,0,0
4058,0,0
4059,0,0
4060,0,0
4061,0,0
4062,0,0
4063,0,0
4064,0,0
4065,0,0
4066,0,0
4067,0,0
4068,0,0
4069,0,0
4070,0,0
4071,0,0
4072,0,0
4073,0,0
4074,0,0
4075,0,0
4076,0,0
4077,0,0
4078,0,0
4079,0,0
4080,0,0
4081,0,0
4082,0,0
4083,0,0
4084,0,0
4085,0,0
4086,0,0
4087,0,0
4088,0,0
4089,0,0
4090,0,0
4091,0,0
4092,0,0
4093,0,0
4094,0,0
4095,0,0
